"","TDATE","PNAME","PCODE","TCODE","REGION_CODE","REGION_NAME","ZSP_CODE","P_VC_UNREG_AVG","P_NC_UNREG_AVG"
"1",2016-11-01,"ООО ""Абаканэнергосбыт""","ABAKANSB","PABAKSB1","95","Республика Хакасия","FZSBOE01",948.82,463184.33
"2",2016-11-01,"ООО ""Абаканэнергосбыт""","ABAKANSB","PABAKSB2","95","Республика Хакасия","FZSBOE01",941.59,461731.77
"3",2016-11-01,"ООО ""Алексинэнергосбыт""","ALEKSNSB","PALEKSB1","70","Тульская область","FZZNOE24",1240.65,486030.68
"4",2016-11-01,"АО ""Алтайкрайэнерго""","ALTAIKEN","PALKREN1","01","Алтайский край","FZSBBB06",994.69,570547.07
"5",2016-11-01,"АО ""Алтайкрайэнерго""","ALTAIKEN","PALKREN2","01","Алтайский край","FZSBBB06",1010.16,539894.73
"6",2016-11-01,"АО ""Алтайкрайэнерго""","ALTAIKEN","PALKREN3","01","Алтайский край","FZSBBB06",974.89,565622.07
"7",2016-11-01,"АО ""Алтайкрайэнерго""","ALTAIKEN","PALKREN4","01","Алтайский край","FZSBBB06",1114.22,564103.11
"8",2016-11-01,"АО ""Алтайкрайэнерго""","ALTAIKEN","PALKREN5","01","Алтайский край","FZSBBB06",991.75,563110.77
"9",2016-11-01,"АО ""Алтайкрайэнерго""","ALTAIKEN","PALKREN6","01","Алтайский край","FZSBBB06",943.13,560790.2
"10",2016-11-01,"АО ""Алтайкрайэнерго""","ALTAIKEN","PALKREN7","01","Алтайский край","FZSBBB06",1059.62,569114.24
"11",2016-11-01,"АО ""Алтайкрайэнерго""","ALTAIKEN","PALKREN8","01","Алтайский край","FZSBBB06",940.14,564299.49
"12",2016-11-01,"АО ""Алтайкрайэнерго""","ALTAIKEN","PALKREN9","01","Алтайский край","FZSBBB06",1056.67,566583.24
"13",2016-11-01,"АО ""Алтайкрайэнерго""","ALTAIKEN","PALKRE10","01","Алтайский край","FZSBBB06",1098.69,564096.3
"14",2016-11-01,"АО ""Алтайкрайэнерго""","ALTAIKEN","PALKRE11","01","Алтайский край","FZSBBB06",1065.91,565146.07
"15",2016-11-01,"АО ""Алтайкрайэнерго""","ALTAIKEN","PALKRE12","01","Алтайский край","FZSBBB06",1011.68,564448.62
"16",2016-11-01,"АО ""Алтайкрайэнерго""","ALTAIKEN","PALKRE13","01","Алтайский край","FZSBBB06",968.57,570175.91
"17",2016-11-01,"АО ""Алтайкрайэнерго""","ALTAIKEN","PALKRE14","01","Алтайский край","FZSBBB06",1034.88,563920.82
"18",2016-11-01,"АО ""Алтайкрайэнерго""","ALTAIKEN","PALKRE15","01","Алтайский край","FZSBBB06",978.51,563525.31
"19",2016-11-01,"АО ""Алтайэнергосбыт""","ALTAENSB","PALTENER","01","Алтайский край","FZSBOE01",988.65,567838.04
"20",2016-11-01,"АО ""Алтайэнергосбыт""","ALTAENSB","PALTRESP","84","Республика Алтай","FZSBBB06",1057.92,537916.2
"21",2016-11-01,"ООО ""Арктик-энерго""","ARCTIKEN","PARKTIK1","47","Мурманская область","FZSZKO28",850.21,445875.49
"22",2016-11-01,"ООО ""Арктик-энерго""","ARCTIKEN","PARKTIK2","47","Мурманская область","FZSZKO28",922.69,446012.25
"23",2016-11-01,"ООО ""Арктик-энерго""","ARCTIKEN","PARKTIK3","47","Мурманская область","FZSZKO28",930.93,445476.83
"24",2016-11-01,"ООО ""Арктик-энерго""","ARCTIKEN","PARKTIK4","47","Мурманская область","FZSZKO28",940.55,447104.2
"25",2016-11-01,"ООО ""Арктик-энерго""","ARCTIKEN","PARKTIK5","47","Мурманская область","FZSZKO28",924.63,446293.89
"26",2016-11-01,"ООО ""Арктик-энерго""","ARCTIKEN","PARKTIK6","47","Мурманская область","FZSZKO28",930.63,442576.44
"27",2016-11-01,"ПАО ""Астраханская энергосбытовая компания""","ASTRHENE","PASTRHEN","12","Астраханская область","FZYUAS18",1215.69,479482.1
"28",2016-11-01,"ЗАО ""БЭЛС"" (г.Балашиха)","BALASHEL","PBALEST1","46","Московская область","FZZMSK26",1217.34,439771.32
"29",2016-11-01,"АО ""Барнаульская горэлектросеть""","BARNGORS","PBARELS1","01","Алтайский край","FZSBBB06",984.86,568106.05
"30",2016-11-01,"ООО ""ЭСКБ""","BASHKESK","PBASHENE","80","Республика Башкортостан","FZUROE07",1167.41,458083.93
"31",2016-11-01,"ОАО ""Белгородэнергосбыт""","BELGOREN","PBELGORE","14","Белгородская область","FZZNOE24",1156.94,444907.43
"32",2016-11-01,"МУП ""БЭСО"" Борисоглебского городского округа Воронежской области","MPBORISO","PBORESB1","20","Воронежская область","FZZNOE24",1307.64,446754.95
"33",2016-11-01,"ООО ""ТЭК-Энерго""","TEKENERG","PBRYANEN","15","Брянская область","FZZNOE24",1131.25,440434.94
"34",2016-11-01,"ОАО ""Будённовскэнергосбыт""","BUDELSET","PBUDGORS","07","Ставропольский край","FZYUOE16",1706.49,549176.02
"35",2016-11-01,"АО ""Читаэнергосбыт""","CHITAENE","PBURYATE","81","Республика Бурятия","FZSBOE01",648.06,694582
"36",2016-11-01,"ПАО ""Челябэнергосбыт""","CHELENER","PCHELENE","75","Челябинская область","FZUROE07",1108.8,457024.3
"37",2016-11-01,"АО ""Читаэнергосбыт""","CHITAENE","PCHITAEN","76200","Забайкальский край","FZSBOE01",572.63,656634.09
"38",2016-11-01,"АО ""Чувашская энергосбытовая компания""","CHUVENER","PCHUVENE","97","Чувашская Республика-Чувашия","FZURKR12",1323.53,483761.18
"39",2016-11-01,"ПАО ""Дагестанская энергосбытовая компания""","DAGESBYT","PDAGENER","82","Республика Дагестан","FZYUDA23",760.11,360879.09
"40",2016-11-01,"АО ""ЕЭнС"" (г.Екатеринбург)","EKATSBKO","PEKELSK1","65","Свердловская область","FZUROE07",1079.13,459682.26
"41",2016-11-01,"ОАО ""Электросеть"" (г.Мытищи)","ELSETMYT","PELSETMT","46","Московская область","FZZMSK26",1205.02,440348.44
"42",2016-11-01,"ООО ""Энергокомфорт"". Карелия""","EKOMFORT","PENKOMF1","86","Республика Карелия","FZSZOE27",1056.89,447116.76
"43",2016-11-01,"АО ""Оборонэнергосбыт""","OBORONSB","PESVMF01","41","Ленинградская область","FZSZOE27",1032.65,498477.35
"44",2016-11-01,"АО ""Оборонэнергосбыт""","OBORONSB","PESVMF02","41","Ленинградская область","FZSZOE27",1036.44,465898.98
"45",2016-11-01,"АО ""ГОРЭЛЕКТРОСЕТЬ"" (г.Кисловодск)","GORELKIS","PGELESKS","07","Ставропольский край","FZYUOE16",1707.05,548677.36
"46",2016-11-01,"АО ""Горэлектросеть"" г.Невинномысск","NEVNGORS","PGELSNV1","07","Ставропольский край","FZYUOE16",1637.68,544581.62
"47",2016-11-01,"АО ""Горэлектросеть"" г.Невинномысск","NEVNGORS","PGELSNV2","07","Ставропольский край","FZYUOE16",1581.37,547972.76
"48",2016-11-01,"МП ""ГЭС"" (г.Ханты-Мансийск)","HANTGORS","PGORESHM","71","Тюменская область","FZURTU08",978.49,444455.36
"49",2016-11-01,"ОАО ""Хакасэнергосбыт""","HAKASENE","PHAKASEN","95","Республика Хакасия","FZSBOE01",934.71,463717.09
"50",2016-11-01,"ПАО ""МРСК Северного Кавказа""","MRSKSKAV","PINGUSHE","26","Республика Ингушетия","FZYUOE16",782.75,310663.28
"51",2016-11-01,"ООО ""Иркутскэнергосбыт""","IRKUTSBT","PIRKUTEN","25","Иркутская область","FZSBOE01",967,465267.98
"52",2016-11-01,"МУП ""Ивантеевские Электросети""","IVELSETI","PIVANTES","46","Московская область","FZZMSK26",1219.26,439254.93
"53",2016-11-01,"ООО ""ЭСК Гарант""","ESKGARAN","PIVENERG","24","Ивановская область","FZZNOE24",1195.15,467393.14
"54",2016-11-01,"ООО ""Ивановоэнергосбыт""","IVENERSK","PIVENSK1","24","Ивановская область","FZZNOE24",1248.54,468707.13
"55",2016-11-01,"ООО ""Ивановоэнергосбыт""","IVENERSK","PIVENSK2","24","Ивановская область","FZZNOE24",1233.64,465424.42
"56",2016-11-01,"ООО ""Ивановоэнергосбыт""","IVENERSK","PIVENSK3","24","Ивановская область","FZZNOE24",1215.75,466895.03
"57",2016-11-01,"ООО ""Ивановоэнергосбыт""","IVENERSK","PIVENSK4","24","Ивановская область","FZZNOE24",1258.4,464971.77
"58",2016-11-01,"ООО ""Ивановоэнергосбыт""","IVENERSK","PIVENSK5","24","Ивановская область","FZZNOE24",1234.1,469990.99
"59",2016-11-01,"ООО ""Ивановоэнергосбыт""","IVENERSK","PIVENSK6","24","Ивановская область","FZZNOE24",1241.83,457760.58
"60",2016-11-01,"ООО ""Ивановоэнергосбыт""","IVENERSK","PIVENSK7","24","Ивановская область","FZZNOE24",1212.58,449441.38
"61",2016-11-01,"ООО ""Ивановоэнергосбыт""","IVENERSK","PIVENSK8","24","Ивановская область","FZZNOE24",1218.04,466549.5
"62",2016-11-01,"ООО ""Ивановоэнергосбыт""","IVENERSK","PIVENSK9","24","Ивановская область","FZZNOE24",1264.99,461158.5
"63",2016-11-01,"ООО ""Ивановоэнергосбыт""","IVENERSK","PIVENS10","24","Ивановская область","FZZNOE24",1225.96,467744.08
"64",2016-11-01,"ООО ""Ивановоэнергосбыт""","IVENERSK","PIVENS11","24","Ивановская область","FZZNOE24",1229.26,467527.23
"65",2016-11-01,"ООО ""Ивановоэнергосбыт""","IVENERSK","PIVENS12","24","Ивановская область","FZZNOE24",1246.82,464879.16
"66",2016-11-01,"ООО ""Ивановоэнергосбыт""","IVENERSK","PIVENS13","24","Ивановская область","FZZNOE24",1275.74,472899.6
"67",2016-11-01,"ООО ""Ивановоэнергосбыт""","IVENERSK","PIVENS14","24","Ивановская область","FZZNOE24",1205.66,463786.23
"68",2016-11-01,"ООО ""Ивановоэнергосбыт""","IVENERSK","PIVENS15","24","Ивановская область","FZZNOE24",1195.99,467309.73
"69",2016-11-01,"ООО ""Ивановоэнергосбыт""","IVENERSK","PIVENS16","24","Ивановская область","FZZNOE24",1280.88,440388.78
"70",2016-11-01,"ООО ""Ивановоэнергосбыт""","IVENERSK","PIVENS17","24","Ивановская область","FZZNOE24",1214.77,443703.74
"71",2016-11-01,"ООО ""Ивановоэнергосбыт""","IVENERSK","PIVENS18","24","Ивановская область","FZZNOE24",1203.96,466325.94
"72",2016-11-01,"ООО ""Ивановоэнергосбыт""","IVENERSK","PIVENS19","24","Ивановская область","FZZNOE24",1284.68,463512.01
"73",2016-11-01,"ООО ""Ивановоэнергосбыт""","IVENERSK","PIVENS20","24","Ивановская область","FZZNOE24",1205.62,467502.35
"74",2016-11-01,"АО ""Каббалкэнерго""","KABBAGEN","PKABBAGE","83","Кабардино-Балкарская Республика","FZYUOE16",683.6,297662.58
"75",2016-11-01,"АО ""ЮМЭК""","UZMEZREG","PKALMEK1","85","Республика Калмыкия","FZYUKU20",1516.4,467913.14
"76",2016-11-01,"АО ""Калмэнергосбыт""","KALMENER","PKALMENE","85","Республика Калмыкия","FZYUKU20",1460.19,466714.37
"77",2016-11-01,"ОАО ""Калужская сбытовая компания""","KALUGENE","PKALUGEN","29","Калужская область","FZZNOE24",1189.86,445127.2
"78",2016-11-01,"АО ""ТНС энерго Карелия""","KARELENE","PKARELEN","86","Республика Карелия","FZSZOE27",1022.91,446769.82
"79",2016-11-01,"АО ""Карачаево-Черкесскэнерго""","KCHERKEN","PKCHERKE","91","Карачаево-Черкесская Республика","FZYUOE16",682.86,299289.33
"80",2016-11-01,"ОАО ""ЭнергосбыТ Плюс""","ORENBENE","PKIROVEN","33","Кировская область","FZURKR12",1175.59,439275.84
"81",2016-11-01,"АО ""АтомЭнергоСбыт""","ATOMSBYT","PKOLENER","47","Мурманская область","FZSZKO28",896.82,444119.22
"82",2016-11-01,"АО ""Королевская электросеть СК""","KOROLSET","PKORELS1","46","Московская область","FZZMSK26",1208.51,440160.91
"83",2016-11-01,"ПАО ""Костромская сбытовая компания""","KOSTRENE","PKOSTREN","34","Костромская область","FZZNOE24",1174.08,439310.92
"84",2016-11-01,"ПАО ""КЭС"" (г.Красногорск)","KRASNGOR","PKRAELS1","46","Московская область","FZZMSK26",1185.43,439652.5
"85",2016-11-01,"ПАО ""КЭС"" (г.Красногорск)","KRASNGOR","PKRAELS2","46","Московская область","FZZMSK26",1201.34,438193.53
"86",2016-11-01,"ПАО ""Красноярскэнергосбыт""","KRASNOEN","PKRASNEN","04","Красноярский край","FZSBOE01",920.3,470830.37
"87",2016-11-01,"ОАО ""Кубаньэнергосбыт""","KUBANESK","PKUBANEN","03","Краснодарский край","FZYUKU20",1628.55,467930.06
"88",2016-11-01,"АО ""ЭК ""Восток""","ESVOSTOK","PKURGANE","37","Курганская область","FZUROE07",1045.24,706849.08
"89",2016-11-01,"АО ""АтомЭнергоСбыт""","ATOMSBYT","PKURSKEN","38","Курская область","FZZNOE24",1081.07,439251.78
"90",2016-11-01,"ОАО ""Кузбассэнергосбыт""","KUZBSBYT","PKUZBENE","32","Кемеровская область","FZSBOE01",963.7,508906.19
"91",2016-11-01,"АО ""Петербургская сбытовая компания""","LENENERG","PLENENER","41","Ленинградская область","FZSZOE27",1066.14,494150.27
"92",2016-11-01,"ООО ""ГЭСК"" (г.Липецк)","GORODESK","PLGORSB1","42","Липецкая область","FZZNOE24",1226.8,494077.23
"93",2016-11-01,"ОАО ""ЛЭСК"" (г.Липецк)","LIPECKEN","PLIPECKE","42","Липецкая область","FZZNOE24",1183.65,494100.22
"94",2016-11-01,"ООО ""МЭК"" (г.Магнитогорск)","MAGNENKO","PMAGENKO","75","Челябинская область","FZUROE07",1147.19,457995.96
"95",2016-11-01,"ПАО ""ТНС энерго Марий Эл""","MARIENER","PMARIENE","88","Республика Марий Эл","FZURKR12",1220.23,438288.79
"96",2016-11-01,"ООО ""Металлэнергофинанс""","METALENE","PMETALEN","32","Кемеровская область","FZSBOE01",999.01,500813.59
"97",2016-11-01,"ПАО ""Мордовская энергосбытовая компания""","MORDOVEN","PMORDOVE","89","Республика Мордовия","FZVLOE13",1247.91,435746.13
"98",2016-11-01,"ПАО ""Мосэнергосбыт""","MOSENERG","PMOSENER","46","Московская область","FZZNOE24",1200.57,438052.65
"99",2016-11-01,"ООО ""ЭНЕРГОСБЫТХОЛДИНГ""","RUSENSBM","PMRUSGD1","46","Московская область","FZZMSK26",1235.99,436082.54
"100",2016-11-01,"АО ""НЭСК"" (г.Краснодар)","NESKKRSN","PNESKRA1","03","Краснодарский край","FZYUKU20",1682.04,467127.79
"101",2016-11-01,"АО ""НЭСК"" (г.Краснодар)","NESKKRSN","PNESKRA2","03","Краснодарский край","FZYUKU20",1602.85,465699.63
"102",2016-11-01,"АО ""НЭСК"" (г.Краснодар)","NESKKRSN","PNESKRA3","03","Краснодарский край","FZYUKU20",1589.34,465850.53
"103",2016-11-01,"АО ""НЭСК"" (г.Краснодар)","NESKKRSN","PNESKRA4","03","Краснодарский край","FZYUKU20",1529.22,467920.85
"104",2016-11-01,"АО ""НЭСК"" (г.Краснодар)","NESKKRSN","PNESKRA5","03","Краснодарский край","FZYUKU20",1694.96,467208.94
"105",2016-11-01,"АО ""НЭСК"" (г.Краснодар)","NESKKRSN","PNESKRA6","03","Краснодарский край","FZYUKU20",1626.99,468520.78
"106",2016-11-01,"АО ""НЭСК"" (г.Краснодар)","NESKKRSN","PNESKRA7","03","Краснодарский край","FZYUKU20",1511.21,466353.54
"107",2016-11-01,"АО ""НЭСК"" (г.Краснодар)","NESKKRSN","PNESKRA8","03","Краснодарский край","FZYUKU20",1687.63,465909.1
"108",2016-11-01,"АО ""НЭСК"" (г.Краснодар)","NESKKRSN","PNESKRA9","03","Краснодарский край","FZYUKU20",1643.22,465626.91
"109",2016-11-01,"АО ""НЭСК"" (г.Краснодар)","NESKKRSN","PNESKR10","03","Краснодарский край","FZYUKU20",1731.79,465851.76
"110",2016-11-01,"АО ""НЭСК"" (г.Краснодар)","NESKKRSN","PNESKR11","03","Краснодарский край","FZYUKU20",1655.27,467003.97
"111",2016-11-01,"АО ""НЭСК"" (г.Краснодар)","NESKKRSN","PNESKR12","03","Краснодарский край","FZYUKU20",1668.17,467273.16
"112",2016-11-01,"АО ""НЭСК"" (г.Краснодар)","NESKKRSN","PNESKR13","03","Краснодарский край","FZYUKU20",1534.57,463620.81
"113",2016-11-01,"АО ""НЭСК"" (г.Краснодар)","NESKKRSN","PNESKR14","03","Краснодарский край","FZYUKU20",1628.52,465566.87
"114",2016-11-01,"АО ""НЭСК"" (г.Краснодар)","NESKKRSN","PNESKR15","03","Краснодарский край","FZYUKU20",1643.03,467275.68
"115",2016-11-01,"АО ""НЭСК"" (г.Краснодар)","NESKKRSN","PNESKR16","03","Краснодарский край","FZYUKU20",1639.3,469357.62
"116",2016-11-01,"АО ""НЭСК"" (г.Краснодар)","NESKKRSN","PNESKR17","03","Краснодарский край","FZYUKU20",1726.05,466609.4
"117",2016-11-01,"АО ""НЭСК"" (г.Краснодар)","NESKKRSN","PNESKR18","03","Краснодарский край","FZYUKU20",1513.56,467510.27
"118",2016-11-01,"АО ""НЭСК"" (г.Краснодар)","NESKKRSN","PNESKR19","03","Краснодарский край","FZYUKU20",1543.38,466377.75
"119",2016-11-01,"АО ""НЭСК"" (г.Краснодар)","NESKKRSN","PNESKR21","03","Краснодарский край","FZYUKU20",1749.56,467825.3
"120",2016-11-01,"АО ""НЭСК"" (г.Краснодар)","NESKKRSN","PNESKR22","03","Краснодарский край","FZYUKU20",1689.59,467828.08
"121",2016-11-01,"АО ""НЭСК"" (г.Краснодар)","NESKKRSN","PNESKR23","03","Краснодарский край","FZYUKU20",1695.37,466609.46
"122",2016-11-01,"АО ""НЭСК"" (г.Краснодар)","NESKKRSN","PNESKR25","03","Краснодарский край","FZYUKU20",1721.87,466443.31
"123",2016-11-01,"ПАО ""ТНС энерго НН""","NIGNOVEN","PNIGNOVE","22","Нижегородская область","FZZNOE24",1221.13,439183.06
"124",2016-11-01,"ООО ""НЭСК"" (г.Новомосковск)","NOVMOSSK","PNOMESK1","70","Тульская область","FZZNOE24",1238.74,487503.9
"125",2016-11-01,"ООО ""ТНС энерго Великий Новгород""","GARENERC","PNOVGORE","49","Новгородская область","FZSZOE27",1095.16,448425.63
"126",2016-11-01,"ОАО ""Новосибирскэнергосбыт""","SBRENERG","PNOVOSIB","50","Новосибирская область","FZSBOE01",973.06,521268.67
"127",2016-11-01,"ООО ""НУЭСК"" (г.Новоуральск)","NOVOYRAL","PNUESBK1","65","Свердловская область","FZUROE07",1129.78,459974.82
"128",2016-11-01,"АО ""Чеченэнерго""","CHECHENG","PNURENER","96","Чеченская Республика","FZYUOE16",655.56,299585.94
"129",2016-11-01,"ООО ""НЭСКО"" (г.Нижневартовск)","OOONESKO","PNVAREK1","71","Тюменская область","FZURTU08",966.86,446054.65
"130",2016-11-01,"АО ""Обеспечение РФЯЦ-ВНИИЭФ""","OBESPRFC","POBESPE1","22","Нижегородская область","FZZNOE24",1210.76,439437.45
"131",2016-11-01,"АО ""Оборонэнергосбыт""","OBORONSB","POBORON1","46","Московская область","FZZMSK26",1204.55,441503.18
"132",2016-11-01,"АО ""Оборонэнергосбыт""","OBORONSB","POBORON2","46","Московская область","FZZMSK26",1206.24,434383.68
"133",2016-11-01,"АО ""Оборонэнергосбыт""","OBORONSB","POBORON3","46","Московская область","FZZMSK26",1230.24,404123.84
"134",2016-11-01,"АО ""Оборонэнергосбыт""","OBORONSB","POBORON4","46","Московская область","FZZMSK26",1208.51,450409.39
"135",2016-11-01,"АО ""Оборонэнергосбыт""","OBORONSB","POBORON5","46","Московская область","FZZMSK26",1200.72,437919.34
"136",2016-11-01,"АО ""Оборонэнергосбыт""","OBORONSB","POBORON6","46","Московская область","FZZMSK26",1182.16,437755.44
"137",2016-11-01,"АО ""Оборонэнергосбыт""","OBORONSB","POBORON7","46","Московская область","FZZMSK26",1207.14,414620.93
"138",2016-11-01,"АО ""Оборонэнергосбыт""","OBORONSB","POBORON8","46","Московская область","FZZMSK26",1193.71,438412.4
"139",2016-11-01,"АО ""Оборонэнергосбыт""","OBORONSB","POBORON9","46","Московская область","FZZMSK26",1213.38,439108.83
"140",2016-11-01,"АО ""Оборонэнергосбыт""","OBORONSB","POBORO10","46","Московская область","FZZMSK26",1177.85,439475.79
"141",2016-11-01,"АО ""Оборонэнергосбыт""","OBORONSB","POBORO11","46","Московская область","FZZMSK26",1169.74,436650.99
"142",2016-11-01,"АО ""Оборонэнергосбыт""","OBORONSB","POBORO12","46","Московская область","FZZMSK26",1169.45,441334.4
"143",2016-11-01,"АО ""Оборонэнергосбыт""","OBORONSB","POBORO13","46","Московская область","FZZMSK26",1209.19,442907.91
"144",2016-11-01,"АО ""Оборонэнергосбыт""","OBORONSB","POBORO14","53","Оренбургская область","FZUROE07",1146.99,450639.9
"145",2016-11-01,"АО ""Оборонэнергосбыт""","OBORONSB","POBORO15","53","Оренбургская область","FZUROE07",1150.12,337587.64
"146",2016-11-01,"АО ""Оборонэнергосбыт""","OBORONSB","POBORO16","53","Оренбургская область","FZUROE07",1170.41,334606.55
"147",2016-11-01,"АО ""Оборонэнергосбыт""","OBORONSB","POBORO17","53","Оренбургская область","FZUROE07",1285.21,197134.01
"148",2016-11-01,"АО ""Оборонэнергосбыт""","OBORONSB","POBORO18","53","Оренбургская область","FZUROE07",1143.99,451668.95
"149",2016-11-01,"АО ""Оборонэнергосбыт""","OBORONSB","POBORO19","46","Московская область","FZZMSK26",1192.94,449449.89
"150",2016-11-01,"АО ""Оборонэнергосбыт""","OBORONSB","POBORO21","46","Московская область","FZZMSK26",1204,428026.38
"151",2016-11-01,"АО ""Оборонэнергосбыт""","OBORONSB","POBORO22","46","Московская область","FZZMSK26",1177.23,436896.03
"152",2016-11-01,"АО ""Оборонэнергосбыт""","OBORONSB","POBORO23","17","Владимирская область","FZZNOE24",1199.42,434902.45
"153",2016-11-01,"АО ""Оборонэнергосбыт""","OBORONSB","POBORO24","25","Иркутская область","FZSBOE01",1544.55,28052
"154",2016-11-01,"АО ""Оборонэнергосбыт""","OBORONSB","POBORO25","94","Удмуртская Республика","FZURKR12",1251.83,424724.89
"155",2016-11-01,"АО ""Оборонэнергосбыт""","OBORONSB","POBORO26","46","Московская область","FZZMSK26",1173.25,425646.05
"156",2016-11-01,"АО ""Оборонэнергосбыт""","OBORONSB","POBORO27","46","Московская область","FZZMSK26",1207.95,438150.69
"157",2016-11-01,"АО ""Оборонэнергосбыт""","OBORONSB","POBORO28","46","Московская область","FZZMSK26",1183.06,443014.48
"158",2016-11-01,"АО ""Оборонэнергосбыт""","OBORONSB","POBORO29","29","Калужская область","FZZNOE24",1182.31,374996.15
"159",2016-11-01,"АО ""Оборонэнергосбыт""","OBORONSB","POBORO30","41","Ленинградская область","FZSZOE27",1118.71,471228.22
"160",2016-11-01,"АО ""Оборонэнергосбыт""","OBORONSB","POBORO31","63","Саратовская область","FZVLBS15",1063.46,424786.41
"161",2016-11-01,"АО ""Оборонэнергосбыт""","OBORONSB","POBORO32","63","Саратовская область","FZVLBS15",1060.89,429295.76
"162",2016-11-01,"АО ""Оборонэнергосбыт""","OBORONSB","POBORO33","63","Саратовская область","FZVLBS15",1161.72,325170.17
"163",2016-11-01,"АО ""Оборонэнергосбыт""","OBORONSB","POBORO34","63","Саратовская область","FZVLBS15",1189.32,518853.71
"164",2016-11-01,"АО ""Оборонэнергосбыт""","OBORONSB","POBORO35","25","Иркутская область","FZSBOE01",NA,0
"165",2016-11-01,"АО ""Оборонэнергосбыт""","OBORONSB","POBORO37","46","Московская область","FZZMSK26",1171.79,430202.02
"166",2016-11-01,"АО ""Оборонэнергосбыт""","OBORONSB","POBORO38","46","Московская область","FZZMSK26",1217.71,435026.02
"167",2016-11-01,"АО ""Оборонэнергосбыт""","OBORONSB","POBORO39","46","Московская область","FZZMSK26",1224.8,442183.5
"168",2016-11-01,"АО ""Оборонэнергосбыт""","OBORONSB","POBORO40","46","Московская область","FZZMSK26",1188.92,438058.42
"169",2016-11-01,"АО ""Оборонэнергосбыт""","OBORONSB","POBORO41","17","Владимирская область","FZZNOE24",1185.9,433427.24
"170",2016-11-01,"АО ""Оборонэнергосбыт""","OBORONSB","POBORO42","41","Ленинградская область","FZSZOE27",1209.96,243898.31
"171",2016-11-01,"АО ""Оборонэнергосбыт""","OBORONSB","POBORO43","42","Липецкая область","FZZNOE24",1245.78,453565.07
"172",2016-11-01,"АО ""Оборонэнергосбыт""","OBORONSB","POBORO44","20","Воронежская область","FZZNOE24",1284.93,435157.47
"173",2016-11-01,"АО ""Оборонэнергосбыт""","OBORONSB","POBORO45","71","Тюменская область","FZURTU08",1010.02,575992.81
"174",2016-11-01,"АО ""Оборонэнергосбыт""","OBORONSB","POBORO46","71","Тюменская область","FZURTU08",1013.38,451432.13
"175",2016-11-01,"АО ""Оборонэнергосбыт""","OBORONSB","POBORO47","46","Московская область","FZZMSK26",1212.11,433136.77
"176",2016-11-01,"АО ""Оборонэнергосбыт""","OBORONSB","POBORO48","46","Московская область","FZZMSK26",1220.34,442821.04
"177",2016-11-01,"АО ""Оборонэнергосбыт""","OBORONSB","POBORO50","94","Удмуртская Республика","FZURKR12",1162.88,399769.32
"178",2016-11-01,"АО ""Оборонэнергосбыт""","OBORONSB","POBORO51","01","Алтайский край","FZSBBB06",969.26,566182.31
"179",2016-11-01,"АО ""Оборонэнергосбыт""","OBORONSB","POBORO52","42","Липецкая область","FZZNOE24",1190.08,469653.27
"180",2016-11-01,"АО ""Оборонэнергосбыт""","OBORONSB","POBORO53","03","Краснодарский край","FZYUKU20",1668.16,466549.88
"181",2016-11-01,"АО ""Оборонэнергосбыт""","OBORONSB","POBORO54","25","Иркутская область","FZSBOE01",981.29,451869.29
"182",2016-11-01,"АО ""Оборонэнергосбыт""","OBORONSB","POBORO55","63","Саратовская область","FZVLBS15",1124.28,426125.67
"183",2016-11-01,"АО ""Оборонэнергосбыт""","OBORONSB","POBORO56","71","Тюменская область","FZURTU08",1005.85,452249.12
"184",2016-11-01,"АО ""Оборонэнергосбыт""","OBORONSB","POBORO57","71","Тюменская область","FZURTU08",946.41,320092.43
"185",2016-11-01,"АО ""Оборонэнергосбыт""","OBORONSB","POBORO58","15","Брянская область","FZZNOE24",1117.65,437225.88
"186",2016-11-01,"АО ""Оборонэнергосбыт""","OBORONSB","POBORO59","88","Республика Марий Эл","FZURKR12",1350.48,245390.98
"187",2016-11-01,"АО ""Оборонэнергосбыт""","OBORONSB","POBORO61","29","Калужская область","FZZNOE24",1180.67,448884.63
"188",2016-11-01,"АО ""Оборонэнергосбыт""","OBORONSB","POBORO62","15","Брянская область","FZZNOE24",1092.01,442822.58
"189",2016-11-01,"АО ""Оборонэнергосбыт""","OBORONSB","POBORO63","29","Калужская область","FZZNOE24",1198.78,444084.64
"190",2016-11-01,"АО ""Оборонэнергосбыт""","OBORONSB","POBORO64","17","Владимирская область","FZZNOE24",1174.34,489092.93
"191",2016-11-01,"АО ""Оборонэнергосбыт""","OBORONSB","POBORO65","17","Владимирская область","FZZNOE24",1199.08,400991.08
"192",2016-11-01,"АО ""Оборонэнергосбыт""","OBORONSB","POBORO66","29","Калужская область","FZZNOE24",1208.57,450813.69
"193",2016-11-01,"АО ""Оборонэнергосбыт""","OBORONSB","POBORO67","63","Саратовская область","FZVLBS15",1058.39,431431.46
"194",2016-11-01,"АО ""Оборонэнергосбыт""","OBORONSB","POBORO68","46","Московская область","FZZMSK26",1214.89,460310.34
"195",2016-11-01,"АО ""Оборонэнергосбыт""","OBORONSB","POBORO69","29","Калужская область","FZZNOE24",1265.36,406122.51
"196",2016-11-01,"АО ""Оборонэнергосбыт""","OBORONSB","POBORO70","63","Саратовская область","FZVLBS15",1245.34,424458.35
"197",2016-11-01,"АО ""Оборонэнергосбыт""","OBORONSB","POBORO71","03","Краснодарский край","FZYUKU20",1514.82,465121.37
"198",2016-11-01,"АО ""Оборонэнергосбыт""","OBORONSB","POBORO72","46","Московская область","FZZMSK26",1242.19,443719.22
"199",2016-11-01,"АО ""Оборонэнергосбыт""","OBORONSB","POBORO73","46","Московская область","FZZMSK26",1233.62,411531.33
"200",2016-11-01,"АО ""Оборонэнергосбыт""","OBORONSB","POBORO74","46","Московская область","FZZMSK26",1243.11,446723
"201",2016-11-01,"АО ""Оборонэнергосбыт""","OBORONSB","POBORO75","03","Краснодарский край","FZYUKU20",1616.28,466426.45
"202",2016-11-01,"АО ""Оборонэнергосбыт""","OBORONSB","POBORO76","01","Алтайский край","FZSBBB06",985.86,565027.84
"203",2016-11-01,"АО ""Оборонэнергосбыт""","OBORONSB","POBORO77","63","Саратовская область","FZVLBS15",1147.88,432528.51
"204",2016-11-01,"АО ""Оборонэнергосбыт""","OBORONSB","POBORO79","22","Нижегородская область","FZZNOE24",1178.16,435039.33
"205",2016-11-01,"АО ""Оборонэнергосбыт""","OBORONSB","POBORO81","15","Брянская область","FZZNOE24",1105.64,445172.41
"206",2016-11-01,"АО ""Оборонэнергосбыт""","OBORONSB","POBORO82","15","Брянская область","FZZNOE24",1166.19,419801.31
"207",2016-11-01,"АО ""Оборонэнергосбыт""","OBORONSB","POBORO83","52","Омская область","FZSBOM03",1059.79,499027.76
"208",2016-11-01,"АО ""Оборонэнергосбыт""","OBORONSB","POBORO84","52","Омская область","FZSBOM03",1109.27,472585.11
"209",2016-11-01,"АО ""Оборонэнергосбыт""","OBORONSB","POBORO85","52","Омская область","FZSBOM03",1283.31,548717.24
"210",2016-11-01,"АО ""Оборонэнергосбыт""","OBORONSB","POBORO86","20","Воронежская область","FZZNOE24",1292.3,434540.3
"211",2016-11-01,"АО ""Оборонэнергосбыт""","OBORONSB","POBORO87","03","Краснодарский край","FZYUKU20",1704.94,473506.09
"212",2016-11-01,"АО ""Оборонэнергосбыт""","OBORONSB","POBORO88","22","Нижегородская область","FZZNOE24",1216.25,433773.5
"213",2016-11-01,"АО ""Оборонэнергосбыт""","OBORONSB","POBORO89","46","Московская область","FZZMSK26",1245.4,396349.55
"214",2016-11-01,"АО ""Оборонэнергосбыт""","OBORONSB","POBORO90","41","Ленинградская область","FZSZOE27",1009.16,505417.11
"215",2016-11-01,"АО ""Оборонэнергосбыт""","OBORONSB","POBORO91","46","Московская область","FZZMSK26",1182.22,420917.19
"216",2016-11-01,"АО ""Оборонэнергосбыт""","OBORONSB","POBORO92","25","Иркутская область","FZSBOE01",1074.94,564132.11
"217",2016-11-01,"АО ""Оборонэнергосбыт""","OBORONSB","POBORO93","76200","Забайкальский край","FZSBCH04",739.4,657856.49
"218",2016-11-01,"АО ""Оборонэнергосбыт""","OBORONSB","POBORO94","36","Самарская область","FZVLOE13",1195.14,401986.27
"219",2016-11-01,"АО ""Оборонэнергосбыт""","OBORONSB","POBORO95","36","Самарская область","FZVLOE13",1144.2,354735.95
"220",2016-11-01,"АО ""Оборонэнергосбыт""","OBORONSB","POBORO96","46","Московская область","FZZMSK26",1191.39,436357.77
"221",2016-11-01,"АО ""Оборонэнергосбыт""","OBORONSB","POBORO97","95","Республика Хакасия","FZSBOE01",1240.71,486156.43
"222",2016-11-01,"АО ""Оборонэнергосбыт""","OBORONSB","POBORO98","46","Московская область","FZZMSK26",1234.37,456715.27
"223",2016-11-01,"АО ""Оборонэнергосбыт""","OBORONSB","POBORO99","41","Ленинградская область","FZSZOE27",1026.91,497028.12
"224",2016-11-01,"АО ""Оборонэнергосбыт""","OBORONSB","POBOR100","41","Ленинградская область","FZSZOE27",1193.64,203625.1
"225",2016-11-01,"АО ""Оборонэнергосбыт""","OBORONSB","POBOR101","28","Тверская область","FZZNOE24",1247.01,476416.05
"226",2016-11-01,"АО ""Оборонэнергосбыт""","OBORONSB","POBOR102","17","Владимирская область","FZZNOE24",1190.76,434799.36
"227",2016-11-01,"АО ""Оборонэнергосбыт""","OBORONSB","POBOR103","17","Владимирская область","FZZNOE24",1202.19,441790.51
"228",2016-11-01,"АО ""Оборонэнергосбыт""","OBORONSB","POBOR104","29","Калужская область","FZZNOE24",1229,448721.65
"229",2016-11-01,"АО ""Оборонэнергосбыт""","OBORONSB","POBOR106","29","Калужская область","FZZNOE24",1171.56,422490.21
"230",2016-11-01,"АО ""Оборонэнергосбыт""","OBORONSB","POBOR107","52","Омская область","FZSBOM03",1082.6,441597.21
"231",2016-11-01,"АО ""Оборонэнергосбыт""","OBORONSB","POBOR108","49","Новгородская область","FZSZOE27",1101.08,165232.74
"232",2016-11-01,"АО ""Оборонэнергосбыт""","OBORONSB","POBOR109","63","Саратовская область","FZVLBS15",1147.84,175897.69
"233",2016-11-01,"АО ""Оборонэнергосбыт""","OBORONSB","POBOR110","28","Тверская область","FZZNOE24",1068.22,437129.09
"234",2016-11-01,"АО ""Оборонэнергосбыт""","OBORONSB","POBOR111","63","Саратовская область","FZVLBS15",1087.38,429809.41
"235",2016-11-01,"АО ""Оборонэнергосбыт""","OBORONSB","POBOR113","52","Омская область","FZSBOM03",1054.49,468305.92
"236",2016-11-01,"АО ""Оборонэнергосбыт""","OBORONSB","POBOR114","36","Самарская область","FZVLOE13",1144.77,436299.64
"237",2016-11-01,"АО ""Оборонэнергосбыт""","OBORONSB","POBOR115","71","Тюменская область","FZURTU08",1151.84,236977.99
"238",2016-11-01,"АО ""Оборонэнергосбыт""","OBORONSB","POBOR116","46","Московская область","FZZMSK26",1295.07,248483.34
"239",2016-11-01,"АО ""Оборонэнергосбыт""","OBORONSB","POBOR117","36","Самарская область","FZVLOE13",1119.74,450251.31
"240",2016-11-01,"АО ""Оборонэнергосбыт""","OBORONSB","POBOR118","46","Московская область","FZZMSK26",1180.88,426776.83
"241",2016-11-01,"АО ""Оборонэнергосбыт""","OBORONSB","POBOR119","17","Владимирская область","FZZNOE24",1140.92,439216.78
"242",2016-11-01,"АО ""Оборонэнергосбыт""","OBORONSB","POBOR121","20","Воронежская область","FZZNOE24",1759.99,133168
"243",2016-11-01,"АО ""Оборонэнергосбыт""","OBORONSB","POBOR122","14","Белгородская область","FZZNOE24",1153.02,551273.8
"244",2016-11-01,"АО ""Оборонэнергосбыт""","OBORONSB","POBOR123","25","Иркутская область","FZSBOE01",1090.64,465839.71
"245",2016-11-01,"АО ""Оборонэнергосбыт""","OBORONSB","POBOR124","14","Белгородская область","FZZNOE24",1222.94,538127.51
"246",2016-11-01,"АО ""Оборонэнергосбыт""","OBORONSB","POBOR126","41","Ленинградская область","FZSZOE27",1063.45,420155.66
"247",2016-11-01,"АО ""Оборонэнергосбыт""","OBORONSB","POBOR127","04","Красноярский край","FZSBOE01",2501.25,407060
"248",2016-11-01,"АО ""Оборонэнергосбыт""","OBORONSB","POBOR128","32","Кемеровская область","FZSBOE01",965.83,510720.83
"249",2016-11-01,"АО ""Оборонэнергосбыт""","OBORONSB","POBOR130","19","Вологодская область","FZZNOE24",1522.42,264010
"250",2016-11-01,"АО ""Оборонэнергосбыт""","OBORONSB","POBOR131","14","Белгородская область","FZZNOE24",1173.02,352340.03
"251",2016-11-01,"АО ""Оборонэнергосбыт""","OBORONSB","POBOR132","52","Омская область","FZSBOM03",1115.3,476516.38
"252",2016-11-01,"АО ""Оборонэнергосбыт""","OBORONSB","POBOR133","22","Нижегородская область","FZZNOE24",1215.43,438776.15
"253",2016-11-01,"АО ""Оборонэнергосбыт""","OBORONSB","POBOR134","41","Ленинградская область","FZSZOE27",1075.78,505670.98
"254",2016-11-01,"АО ""Оборонэнергосбыт""","OBORONSB","POBOR135","18","Волгоградская область","FZYUVG17",1257.22,501604.47
"255",2016-11-01,"АО ""Оборонэнергосбыт""","OBORONSB","POBOR136","22","Нижегородская область","FZZNOE24",1174.74,426533.43
"256",2016-11-01,"АО ""Оборонэнергосбыт""","OBORONSB","POBOR137","89","Республика Мордовия","FZVLOE13",1257.73,406642.71
"257",2016-11-01,"АО ""Оборонэнергосбыт""","OBORONSB","POBOR138","89","Республика Мордовия","FZVLOE13",1442.57,229981.76
"258",2016-11-01,"АО ""Оборонэнергосбыт""","OBORONSB","POBOR139","49","Новгородская область","FZSZOE27",1238.19,226972.25
"259",2016-11-01,"АО ""Оборонэнергосбыт""","OBORONSB","POBOR140","28","Тверская область","FZZNOE24",1118.89,422252.68
"260",2016-11-01,"АО ""Оборонэнергосбыт""","OBORONSB","POBOR143","36","Самарская область","FZUROE07",1207.44,421873.87
"261",2016-11-01,"АО ""Оборонэнергосбыт""","OBORONSB","POBOR144","17","Владимирская область","FZZNOE24",1188.35,448060.48
"262",2016-11-01,"АО ""Оборонэнергосбыт""","OBORONSB","POBOR145","18","Волгоградская область","FZYUVG17",1233.83,426868.84
"263",2016-11-01,"АО ""Оборонэнергосбыт""","OBORONSB","POBOR146","03","Краснодарский край","FZYUKU20",1642.56,488827.64
"264",2016-11-01,"АО ""Оборонэнергосбыт""","OBORONSB","POBOR148","20","Воронежская область","FZZNOE24",1118.19,183272.74
"265",2016-11-01,"АО ""Оборонэнергосбыт""","OBORONSB","POBOR149","75","Челябинская область","FZUROE07",1147.29,454941.43
"266",2016-11-01,"АО ""Оборонэнергосбыт""","OBORONSB","POBOR150","63","Саратовская область","FZVLBS15",1132.73,431112.37
"267",2016-11-01,"АО ""Оборонэнергосбыт""","OBORONSB","POBOR151","41","Ленинградская область","FZSZOE27",1079.23,451000.61
"268",2016-11-01,"АО ""Оборонэнергосбыт""","OBORONSB","POBOR152","15","Брянская область","FZZNOE24",1084.58,434355.48
"269",2016-11-01,"АО ""Оборонэнергосбыт""","OBORONSB","POBOR153","46","Московская область","FZZMSK26",1200.2,410053.28
"270",2016-11-01,"АО ""Оборонэнергосбыт""","OBORONSB","POBOR154","36","Самарская область","FZVLOE13",1127.03,446547.12
"271",2016-11-01,"АО ""Оборонэнергосбыт""","OBORONSB","POBOR155","22","Нижегородская область","FZZNOE24",1197.84,469364.21
"272",2016-11-01,"АО ""Оборонэнергосбыт""","OBORONSB","POBOR156","71","Тюменская область","FZURTU08",1074.33,458239.86
"273",2016-11-01,"АО ""Оборонэнергосбыт""","OBORONSB","POBOR157","15","Брянская область","FZZNOE24",1117.78,251638.72
"274",2016-11-01,"АО ""Оборонэнергосбыт""","OBORONSB","POBOR158","63","Саратовская область","FZVLBS15",1043.93,321515.25
"275",2016-11-01,"АО ""Оборонэнергосбыт""","OBORONSB","POBOR159","57","Пермский край","FZUROE07",1341.5,467815.9
"276",2016-11-01,"АО ""Оборонэнергосбыт""","OBORONSB","POBOR160","76200","Забайкальский край","FZSBCH04",840.7,690167.14
"277",2016-11-01,"АО ""Оборонэнергосбыт""","OBORONSB","POBOR161","76200","Забайкальский край","FZSBCH04",701.51,615873.57
"278",2016-11-01,"АО ""Оборонэнергосбыт""","OBORONSB","POBOR162","96","Чеченская Республика","FZYUOE16",608.21,342654.73
"279",2016-11-01,"АО ""Оборонэнергосбыт""","OBORONSB","POBOR163","96","Чеченская Республика","FZYUOE16",611.07,271751.72
"280",2016-11-01,"АО ""Оборонэнергосбыт""","OBORONSB","POBOR164","96","Чеченская Республика","FZYUOE16",816.56,321765.84
"281",2016-11-01,"АО ""Оборонэнергосбыт""","OBORONSB","POBOR165","15","Брянская область","FZZNOE24",1245.61,262946.94
"282",2016-11-01,"АО ""Оборонэнергосбыт""","OBORONSB","POBOR166","15","Брянская область","FZZNOE24",1097.61,521230.32
"283",2016-11-01,"АО ""Оборонэнергосбыт""","OBORONSB","POBOR167","24","Ивановская область","FZZNOE24",1287.22,179044.35
"284",2016-11-01,"АО ""Оборонэнергосбыт""","OBORONSB","POBOR168","60","Ростовская область","FZYUKU20",1470.66,296552.17
"285",2016-11-01,"АО ""Оборонэнергосбыт""","OBORONSB","POBOR170","46","Московская область","FZZMSK26",1189.85,351819.1
"286",2016-11-01,"АО ""Оборонэнергосбыт""","OBORONSB","POBOR171","38","Курская область","FZZNOE24",1037.27,419223.26
"287",2016-11-01,"АО ""Оборонэнергосбыт""","OBORONSB","POBOR172","49","Новгородская область","FZSZOE27",1157.37,403367.18
"288",2016-11-01,"АО ""Оборонэнергосбыт""","OBORONSB","POBOR173","24","Ивановская область","FZZNOE24",1172.4,463029.95
"289",2016-11-01,"АО ""Оборонэнергосбыт""","OBORONSB","POBOR174","18","Волгоградская область","FZYUVG17",1356.79,179867.85
"290",2016-11-01,"АО ""Оборонэнергосбыт""","OBORONSB","POBOR175","17","Владимирская область","FZZNOE24",1348.14,381909.2
"291",2016-11-01,"АО ""Оборонэнергосбыт""","OBORONSB","POBOR177","03","Краснодарский край","FZYUKU20",1531.18,456222.64
"292",2016-11-01,"АО ""Оборонэнергосбыт""","OBORONSB","POBOR178","49","Новгородская область","FZSZOE27",1267.87,315753.77
"293",2016-11-01,"АО ""Оборонэнергосбыт""","OBORONSB","POBOR180","58","Псковская область","FZSZOE27",1420.45,160925.75
"294",2016-11-01,"АО ""Оборонэнергосбыт""","OBORONSB","POBOR181","03","Краснодарский край","FZYUKU20",1679.06,191069
"295",2016-11-01,"АО ""Оборонэнергосбыт""","OBORONSB","POBOR182","61","Рязанская область","FZZNOE24",1249.84,556187.38
"296",2016-11-01,"АО ""Оборонэнергосбыт""","OBORONSB","POBOR184","54","Орловская область","FZZNOE24",1176.21,476155.01
"297",2016-11-01,"АО ""Оборонэнергосбыт""","OBORONSB","POBOR186","46","Московская область","FZZMSK26",1196.11,443595.4
"298",2016-11-01,"АО ""Оборонэнергосбыт""","OBORONSB","POBOR188","73","Ульяновская область","FZVLOE13",1189.65,428339.93
"299",2016-11-01,"АО ""Оборонэнергосбыт""","OBORONSB","POBOR189","17","Владимирская область","FZZNOE24",1388.7,153648.26
"300",2016-11-01,"АО ""Оборонэнергосбыт""","OBORONSB","POBOR190","20","Воронежская область","FZZNOE24",1184.33,340121.21
"301",2016-11-01,"АО ""Оборонэнергосбыт""","OBORONSB","POBOR191","76200","Забайкальский край","FZSBCH04",719.79,703565.76
"302",2016-11-01,"АО ""Оборонэнергосбыт""","OBORONSB","POBOR192","17","Владимирская область","FZZNOE24",1225.25,136178.6
"303",2016-11-01,"АО ""Оборонэнергосбыт""","OBORONSB","POBOR193","46","Московская область","FZZMSK26",1197.78,435533.97
"304",2016-11-01,"АО ""Оборонэнергосбыт""","OBORONSB","POBOR194","73","Ульяновская область","FZVLOE13",1200.88,431994.65
"305",2016-11-01,"АО ""Оборонэнергосбыт""","OBORONSB","POBOR195","76200","Забайкальский край","FZSBCH04",688.09,635007.11
"306",2016-11-01,"АО ""Оборонэнергосбыт""","OBORONSB","POBOR196","76200","Забайкальский край","FZSBCH04",624.84,662253.08
"307",2016-11-01,"АО ""Оборонэнергосбыт""","OBORONSB","POBOR197","73","Ульяновская область","FZVLOE13",1222.26,447112.05
"308",2016-11-01,"АО ""Оборонэнергосбыт""","OBORONSB","POBOR198","46","Московская область","FZZMSK26",1177.09,401529.74
"309",2016-11-01,"АО ""Оборонэнергосбыт""","OBORONSB","POBOR200","49","Новгородская область","FZSZOE27",1102.79,314249.13
"310",2016-11-01,"АО ""Оборонэнергосбыт""","OBORONSB","POBOR201","63","Саратовская область","FZVLBS15",2528.96,182611.67
"311",2016-11-01,"АО ""Оборонэнергосбыт""","OBORONSB","POBOR202","63","Саратовская область","FZVLBS15",1317.77,536240.13
"312",2016-11-01,"АО ""Оборонэнергосбыт""","OBORONSB","POBOR203","17","Владимирская область","FZZNOE24",1185.59,383530.65
"313",2016-11-01,"АО ""Оборонэнергосбыт""","OBORONSB","POBOR204","75","Челябинская область","FZUROE07",1112.62,417395.71
"314",2016-11-01,"АО ""Оборонэнергосбыт""","OBORONSB","POBOR205","58","Псковская область","FZSZOE27",1110.7,451927.17
"315",2016-11-01,"АО ""Оборонэнергосбыт""","OBORONSB","POBOR206","58","Псковская область","FZSZOE27",1137.25,444690.76
"316",2016-11-01,"АО ""Оборонэнергосбыт""","OBORONSB","POBOR207","37","Курганская область","FZUROE07",1129.47,604422.96
"317",2016-11-01,"АО ""Оборонэнергосбыт""","OBORONSB","POBOR208","88","Республика Марий Эл","FZURKR12",1200.63,403300.66
"318",2016-11-01,"АО ""Оборонэнергосбыт""","OBORONSB","POBOR209","54","Орловская область","FZZNOE24",1146.77,175736.4
"319",2016-11-01,"АО ""Оборонэнергосбыт""","OBORONSB","POBOR210","33","Кировская область","FZURKR12",1164.41,416123.79
"320",2016-11-01,"АО ""Оборонэнергосбыт""","OBORONSB","POBOR211","22","Нижегородская область","FZZNOE24",1224.33,388275.88
"321",2016-11-01,"АО ""Оборонэнергосбыт""","OBORONSB","POBOR212","33","Кировская область","FZURKR12",1173.31,437480.08
"322",2016-11-01,"АО ""Оборонэнергосбыт""","OBORONSB","POBOR213","24","Ивановская область","FZZNOE24",1219.03,452669.84
"323",2016-11-01,"АО ""Оборонэнергосбыт""","OBORONSB","POBOR214","15","Брянская область","FZZNOE24",1201.21,154666.4
"324",2016-11-01,"АО ""Оборонэнергосбыт""","OBORONSB","POBOR217","86","Республика Карелия","FZSZOE27",1389.63,172123.33
"325",2016-11-01,"АО ""Оборонэнергосбыт""","OBORONSB","POBOR218","03","Краснодарский край","FZYUKU20",1748.44,588095.11
"326",2016-11-01,"АО ""Оборонэнергосбыт""","OBORONSB","POBOR220","29","Калужская область","FZZNOE24",1141.92,446211.42
"327",2016-11-01,"АО ""Оборонэнергосбыт""","OBORONSB","POBOR222","29","Калужская область","FZZNOE24",1178.18,413387.8
"328",2016-11-01,"АО ""Оборонэнергосбыт""","OBORONSB","POBOR223","70","Тульская область","FZZNOE24",1320.52,228023.01
"329",2016-11-01,"АО ""Оборонэнергосбыт""","OBORONSB","POBOR224","89","Республика Мордовия","FZVLOE13",1270.92,425631.06
"330",2016-11-01,"АО ""Оборонэнергосбыт""","OBORONSB","POBOR225","73","Ульяновская область","FZVLOE13",1182.11,461606.37
"331",2016-11-01,"АО ""Оборонэнергосбыт""","OBORONSB","POBOR226","29","Калужская область","FZZNOE24",1174.5,356398.08
"332",2016-11-01,"АО ""Оборонэнергосбыт""","OBORONSB","POBOR227","70","Тульская область","FZZNOE24",1443.6,593209.94
"333",2016-11-01,"АО ""Оборонэнергосбыт""","OBORONSB","POBOR228","76200","Забайкальский край","FZSBCH04",753.78,644925.35
"334",2016-11-01,"АО ""Оборонэнергосбыт""","OBORONSB","POBOR229","15","Брянская область","FZZNOE24",1107.64,313771.59
"335",2016-11-01,"АО ""Оборонэнергосбыт""","OBORONSB","POBOR230","76200","Забайкальский край","FZSBCH04",803.73,658194.86
"336",2016-11-01,"АО ""Оборонэнергосбыт""","OBORONSB","POBOR231","12","Астраханская область","FZYUAS18",1246.06,470558.1
"337",2016-11-01,"АО ""Оборонэнергосбыт""","OBORONSB","POBOR232","69","Томская область","FZSBOE01",1243.44,504878.53
"338",2016-11-01,"АО ""Оборонэнергосбыт""","OBORONSB","POBOR233","58","Псковская область","FZSZOE27",1086.81,443117.06
"339",2016-11-01,"АО ""Оборонэнергосбыт""","OBORONSB","POBOR234","33","Кировская область","FZURKR12",1200.17,224115.29
"340",2016-11-01,"АО ""Оборонэнергосбыт""","OBORONSB","POBOR235","58","Псковская область","FZSZOE27",1140.26,256909.03
"341",2016-11-01,"АО ""Оборонэнергосбыт""","OBORONSB","POBOR236","03","Краснодарский край","FZYUKU20",1604.38,419577.51
"342",2016-11-01,"АО ""Оборонэнергосбыт""","OBORONSB","POBOR238","54","Орловская область","FZZNOE24",1185.76,436905.46
"343",2016-11-01,"АО ""Оборонэнергосбыт""","OBORONSB","POBOR239","46","Московская область","FZZMSK26",1226.54,415225.46
"344",2016-11-01,"АО ""Оборонэнергосбыт""","OBORONSB","POBOR240","12","Астраханская область","FZYUAS18",1245.43,496669.55
"345",2016-11-01,"АО ""Оборонэнергосбыт""","OBORONSB","POBOR247","34","Костромская область","FZZNOE24",1150.85,153620.07
"346",2016-11-01,"АО ""Оборонэнергосбыт""","OBORONSB","POBOR250","57","Пермский край","FZUROE07",1236.16,222344.78
"347",2016-11-01,"АО ""Оборонэнергосбыт""","OBORONSB","POBOR251","58","Псковская область","FZSZOE27",1151.66,457439.85
"348",2016-11-01,"АО ""Оборонэнергосбыт""","OBORONSB","POBOR252","80","Республика Башкортостан","FZUROE07",1187.28,447188.1
"349",2016-11-01,"АО ""Оборонэнергосбыт""","OBORONSB","POBOR253","46","Московская область","FZZMSK26",1222.9,416140.35
"350",2016-11-01,"АО ""Оборонэнергосбыт""","OBORONSB","POBOR254","12","Астраханская область","FZYUAS18",1210.13,475726.15
"351",2016-11-01,"АО ""Оборонэнергосбыт""","OBORONSB","POBOR255","12","Астраханская область","FZYUAS18",1212.25,502246.76
"352",2016-11-01,"АО ""Оборонэнергосбыт""","OBORONSB","POBOR256","41","Ленинградская область","FZSZOE27",1139.59,509807.81
"353",2016-11-01,"АО ""Оборонэнергосбыт""","OBORONSB","POBOR257","41","Ленинградская область","FZSZOE27",1057.3,364229.47
"354",2016-11-01,"АО ""Оборонэнергосбыт""","OBORONSB","POBOR258","38","Курская область","FZZNOE24",1065.31,418260.46
"355",2016-11-01,"АО ""Оборонэнергосбыт""","OBORONSB","POBOR259","57","Пермский край","FZUROE07",1195.66,198701.46
"356",2016-11-01,"АО ""Оборонэнергосбыт""","OBORONSB","POBOR262","28","Тверская область","FZZNOE24",1171.09,180903.32
"357",2016-11-01,"АО ""Оборонэнергосбыт""","OBORONSB","POBOR264","19","Вологодская область","FZZNOE24",1417.23,374826.29
"358",2016-11-01,"АО ""Оборонэнергосбыт""","OBORONSB","POBOR266","46","Московская область","FZZMSK26",1224.6,356437.53
"359",2016-11-01,"АО ""Оборонэнергосбыт""","OBORONSB","POBOR267","76200","Забайкальский край","FZSBCH04",640.94,663579.32
"360",2016-11-01,"АО ""Оборонэнергосбыт""","OBORONSB","POBOR272","04","Красноярский край","FZSBOE01",966.17,465984.08
"361",2016-11-01,"АО ""Оборонэнергосбыт""","OBORONSB","POBOR274","75","Челябинская область","FZUROE07",1104.65,447727.04
"362",2016-11-01,"АО ""Оборонэнергосбыт""","OBORONSB","POBOR275","70","Тульская область","FZZNOE24",1353.96,153773.15
"363",2016-11-01,"АО ""Оборонэнергосбыт""","OBORONSB","POBOR276","17","Владимирская область","FZZNOE24",1146.5,184482.88
"364",2016-11-01,"АО ""Оборонэнергосбыт""","OBORONSB","POBOR279","25","Иркутская область","FZSBOE01",1004.16,489342.82
"365",2016-11-01,"АО ""Оборонэнергосбыт""","OBORONSB","POBOR281","78","Ярославская область","FZZNOE24",1238.36,236254.01
"366",2016-11-01,"АО ""Оборонэнергосбыт""","OBORONSB","POBOR283","49","Новгородская область","FZSZOE27",1183.64,462689.52
"367",2016-11-01,"АО ""Оборонэнергосбыт""","OBORONSB","POBOR285","58","Псковская область","FZSZOE27",1086.76,445294.56
"368",2016-11-01,"АО ""Оборонэнергосбыт""","OBORONSB","POBOR288","29","Калужская область","FZZNOE24",1328.86,157828.61
"369",2016-11-01,"АО ""Оборонэнергосбыт""","OBORONSB","POBOR289","29","Калужская область","FZZNOE24",1206.29,460198.15
"370",2016-11-01,"АО ""Оборонэнергосбыт""","OBORONSB","POBOR290","29","Калужская область","FZZNOE24",1174.29,435378.27
"371",2016-11-01,"АО ""Оборонэнергосбыт""","OBORONSB","POBOR291","29","Калужская область","FZZNOE24",1188.8,233591.44
"372",2016-11-01,"АО ""Оборонэнергосбыт""","OBORONSB","POBOR292","33","Кировская область","FZURKR12",1234.41,385221.81
"373",2016-11-01,"АО ""Оборонэнергосбыт""","OBORONSB","POBOR293","58","Псковская область","FZSZOE27",1202.66,241717.52
"374",2016-11-01,"АО ""Оборонэнергосбыт""","OBORONSB","POBOR294","18","Волгоградская область","FZYUVG17",1276.36,410056.76
"375",2016-11-01,"АО ""Оборонэнергосбыт""","OBORONSB","POBOR299","29","Калужская область","FZZNOE24",1170.68,421757.99
"376",2016-11-01,"АО ""Оборонэнергосбыт""","OBORONSB","POBOR302","28","Тверская область","FZZNOE24",1263.06,189585.06
"377",2016-11-01,"АО ""Оборонэнергосбыт""","OBORONSB","POBOR305","18","Волгоградская область","FZYUVG17",1266.71,151063.28
"378",2016-11-01,"АО ""Оборонэнергосбыт""","OBORONSB","POBOR306","92","Республика Татарстан","FZURKR12",1271.09,446746.01
"379",2016-11-01,"АО ""Оборонэнергосбыт""","OBORONSB","POBOR307","92","Республика Татарстан","FZURKR12",1240.26,412912.27
"380",2016-11-01,"АО ""Оборонэнергосбыт""","OBORONSB","POBOR308","92","Республика Татарстан","FZURKR12",1199.69,435094.27
"381",2016-11-01,"АО ""Оборонэнергосбыт""","OBORONSB","POBOR309","38","Курская область","FZZNOE24",1173.02,241162.06
"382",2016-11-01,"АО ""Оборонэнергосбыт""","OBORONSB","POBOR312","28","Тверская область","FZZNOE24",1264.3,594280.41
"383",2016-11-01,"АО ""Оборонэнергосбыт""","OBORONSB","POBOR313","19","Вологодская область","FZZNOE24",NA,NA
"384",2016-11-01,"АО ""Оборонэнергосбыт""","OBORONSB","POBOR315","19","Вологодская область","FZZNOE24",1144.38,549996.85
"385",2016-11-01,"АО ""Оборонэнергосбыт""","OBORONSB","POBOR316","19","Вологодская область","FZZNOE24",1095.31,561877.57
"386",2016-11-01,"АО ""Оборонэнергосбыт""","OBORONSB","POBOR319","37","Курганская область","FZUROE07",1049.41,612492.34
"387",2016-11-01,"АО ""Оборонэнергосбыт""","OBORONSB","POBOR320","66","Смоленская область","FZZNOE24",1162.23,537769.88
"388",2016-11-01,"АО ""Оборонэнергосбыт""","OBORONSB","POBOR321","52","Омская область","FZSBOM03",1328.86,414264.04
"389",2016-11-01,"АО ""Оборонэнергосбыт""","OBORONSB","POBOR322","53","Оренбургская область","FZUROE07",1280.42,526112.3
"390",2016-11-01,"АО ""Оборонэнергосбыт""","OBORONSB","POBOR323","71","Тюменская область","FZURTU08",1159.6,143135.61
"391",2016-11-01,"АО ""Оборонэнергосбыт""","OBORONSB","POBOR324","46","Московская область","FZZMSK26",1230.93,502004.99
"392",2016-11-01,"АО ""Оборонэнергосбыт""","OBORONSB","POBOR325","46","Московская область","FZZMSK26",1205.51,398890.43
"393",2016-11-01,"АО ""Оборонэнергосбыт""","OBORONSB","POBOR329","58","Псковская область","FZSZOE27",1234,576434.14
"394",2016-11-01,"АО ""Оборонэнергосбыт""","OBORONSB","POBOR334","53","Оренбургская область","FZUROE07",1269.39,478767.89
"395",2016-11-01,"АО ""Оборонэнергосбыт""","OBORONSB","POBOR335","22","Нижегородская область","FZZNOE24",1268.65,426963.24
"396",2016-11-01,"АО ""Оборонэнергосбыт""","OBORONSB","POBOR336","22","Нижегородская область","FZZNOE24",1293.32,185564.46
"397",2016-11-01,"АО ""Оборонэнергосбыт""","OBORONSB","POBOR337","86","Республика Карелия","FZSZOE27",1036.91,340412
"398",2016-11-01,"АО ""Оборонэнергосбыт""","OBORONSB","POBOR341","61","Рязанская область","FZZNOE24",1417.09,226529.65
"399",2016-11-01,"АО ""Оборонэнергосбыт""","OBORONSB","POBOR342","61","Рязанская область","FZZNOE24",1687.8,188983.62
"400",2016-11-01,"АО ""Оборонэнергосбыт""","OBORONSB","POBOR343","66","Смоленская область","FZZNOE24",1087.92,457305.53
"401",2016-11-01,"АО ""Оборонэнергосбыт""","OBORONSB","POBOR346","04","Красноярский край","FZSBOE01",927.17,469445.87
"402",2016-11-01,"АО ""Оборонэнергосбыт""","OBORONSB","POBOR349","38","Курская область","FZZNOE24",1076.2,408942.68
"403",2016-11-01,"АО ""Оборонэнергосбыт""","OBORONSB","POBOR350","41","Ленинградская область","FZSZOE27",1128.53,486397.77
"404",2016-11-01,"АО ""Оборонэнергосбыт""","OBORONSB","POBOR357","46","Московская область","FZZMSK26",1219.5,400143.19
"405",2016-11-01,"АО ""Оборонэнергосбыт""","OBORONSB","POBOR358","04","Красноярский край","FZSBOE01",944.3,430773.5
"406",2016-11-01,"АО ""Оборонэнергосбыт""","OBORONSB","POBOR360","04","Красноярский край","FZSBOE01",1063.71,491228.51
"407",2016-11-01,"АО ""Оборонэнергосбыт""","OBORONSB","POBOR361","94","Удмуртская Республика","FZURKR12",1202.33,440223.35
"408",2016-11-01,"АО ""Оборонэнергосбыт""","OBORONSB","POBOR364","24","Ивановская область","FZZNOE24",1170.84,428907.66
"409",2016-11-01,"АО ""Оборонэнергосбыт""","OBORONSB","POBOR366","20","Воронежская область","FZZNOE24",1232.36,173494.83
"410",2016-11-01,"АО ""Оборонэнергосбыт""","OBORONSB","POBOR370","75","Челябинская область","FZUROE07",1260.73,266395.87
"411",2016-11-01,"АО ""Оборонэнергосбыт""","OBORONSB","POBOR371","46","Московская область","FZZMSK26",1223.71,434189.19
"412",2016-11-01,"АО ""Оборонэнергосбыт""","OBORONSB","POBOR374","28","Тверская область","FZZNOE24",1129.43,355269.92
"413",2016-11-01,"АО ""Оборонэнергосбыт""","OBORONSB","POBOR378","65","Свердловская область","FZUROE07",1148.09,551041.17
"414",2016-11-01,"АО ""Оборонэнергосбыт""","OBORONSB","POBOR380","65","Свердловская область","FZUROE07",1065.21,459565.37
"415",2016-11-01,"АО ""Оборонэнергосбыт""","OBORONSB","POBOR381","66","Смоленская область","FZZNOE24",1074.14,208441.72
"416",2016-11-01,"АО ""Оборонэнергосбыт""","OBORONSB","POBOR385","80","Республика Башкортостан","FZUROE07",1435.7,153570.5
"417",2016-11-01,"АО ""Оборонэнергосбыт""","OBORONSB","POBOR388","17","Владимирская область","FZZNOE24",1718.39,127193.33
"418",2016-11-01,"АО ""Оборонэнергосбыт""","OBORONSB","POBOR389","78","Ярославская область","FZZNOE24",1292.24,414706.6
"419",2016-11-01,"АО ""Оборонэнергосбыт""","OBORONSB","POBOR392","76200","Забайкальский край","FZSBCH04",755.54,663957.51
"420",2016-11-01,"АО ""Оборонэнергосбыт""","OBORONSB","POBOR393","34","Костромская область","FZZNOE24",1149.57,473724.7
"421",2016-11-01,"АО ""Оборонэнергосбыт""","OBORONSB","POBOR394","61","Рязанская область","FZZNOE24",1243.39,522954.86
"422",2016-11-01,"АО ""Оборонэнергосбыт""","OBORONSB","POBOR395","46","Московская область","FZZMSK26",1194.91,436675.73
"423",2016-11-01,"АО ""Оборонэнергосбыт""","OBORONSB","POBOR402","76200","Забайкальский край","FZSBCH04",688.97,658765.85
"424",2016-11-01,"АО ""Оборонэнергосбыт""","OBORONSB","POBOR405","49","Новгородская область","FZSZOE27",1081.6,455871.8
"425",2016-11-01,"АО ""Оборонэнергосбыт""","OBORONSB","POBOR406","66","Смоленская область","FZZNOE24",1173.21,451978.01
"426",2016-11-01,"АО ""Оборонэнергосбыт""","OBORONSB","POBOR407","25","Иркутская область","FZSBOE01",1023.29,461302.17
"427",2016-11-01,"АО ""Оборонэнергосбыт""","OBORONSB","POBOR420","19","Вологодская область","FZZNOE24",1176.42,559969.74
"428",2016-11-01,"АО ""Оборонэнергосбыт""","OBORONSB","POBOR421","66","Смоленская область","FZZNOE24",1110.84,457306.11
"429",2016-11-01,"АО ""Оборонэнергосбыт""","OBORONSB","POBOR422","66","Смоленская область","FZZNOE24",1125.83,458957.69
"430",2016-11-01,"АО ""Оборонэнергосбыт""","OBORONSB","POBOR434","25","Иркутская область","FZSBOE01",1091.56,437820.87
"431",2016-11-01,"АО ""Оборонэнергосбыт""","OBORONSB","POBOR435","41","Ленинградская область","FZSZOE27",6720.25,NA
"432",2016-11-01,"АО ""Оборонэнергосбыт""","OBORONSB","POBOR436","41","Ленинградская область","FZSZOE27",1101.44,422945.8
"433",2016-11-01,"АО ""Оборонэнергосбыт""","OBORONSB","POBOR440","86","Республика Карелия","FZSZOE27",1099.24,404232.92
"434",2016-11-01,"АО ""Оборонэнергосбыт""","OBORONSB","POBOR452","65","Свердловская область","FZUROE07",1050.88,364347.01
"435",2016-11-01,"АО ""Оборонэнергосбыт""","OBORONSB","POBOR453","65","Свердловская область","FZUROE07",1030.88,470494.06
"436",2016-11-01,"АО ""Оборонэнергосбыт""","OBORONSB","POBOR456","04","Красноярский край","FZSBOE01",934.03,511455.68
"437",2016-11-01,"АО ""Оборонэнергосбыт""","OBORONSB","POBOR457","78","Ярославская область","FZZNOE24",1260.48,184054.81
"438",2016-11-01,"АО ""Оборонэнергосбыт""","OBORONSB","POBOR459","04","Красноярский край","FZSBOE01",984.16,471359.93
"439",2016-11-01,"АО ""Оборонэнергосбыт""","OBORONSB","POBOR460","65","Свердловская область","FZUROE07",1249.79,215789.99
"440",2016-11-01,"АО ""Оборонэнергосбыт""","OBORONSB","POBOR463","65","Свердловская область","FZUROE07",1110.92,458694.38
"441",2016-11-01,"АО ""Оборонэнергосбыт""","OBORONSB","POBOR466","46","Московская область","FZZMSK26",1226.37,436474.61
"442",2016-11-01,"АО ""Оборонэнергосбыт""","OBORONSB","POBOR467","53","Оренбургская область","FZUROE07",1343.48,452984.5
"443",2016-11-01,"АО ""Оборонэнергосбыт""","OBORONSB","POBOR468","76200","Забайкальский край","FZSBCH04",733.64,671320.92
"444",2016-11-01,"АО ""Оборонэнергосбыт""","OBORONSB","POBOR469","76200","Забайкальский край","FZSBCH04",717.85,664626.84
"445",2016-11-01,"АО ""Оборонэнергосбыт""","OBORONSB","POBOR471","76200","Забайкальский край","FZSBCH04",683.06,668752.07
"446",2016-11-01,"АО ""Оборонэнергосбыт""","OBORONSB","POBOR475","57","Пермский край","FZUROE07",1114.86,351657.25
"447",2016-11-01,"АО ""Оборонэнергосбыт""","OBORONSB","POBOR476","58","Псковская область","FZSZOE27",1092.65,449167.62
"448",2016-11-01,"АО ""Оборонэнергосбыт""","OBORONSB","POBOR480","76200","Забайкальский край","FZSBCH04",720.07,665191.86
"449",2016-11-01,"АО ""Оборонэнергосбыт""","OBORONSB","POBOR481","04","Красноярский край","FZSBOE01",933.84,480027.79
"450",2016-11-01,"АО ""Оборонэнергосбыт""","OBORONSB","POBOR482","04","Красноярский край","FZSBOE01",932.75,475275.08
"451",2016-11-01,"АО ""Оборонэнергосбыт""","OBORONSB","POBOR483","25","Иркутская область","FZSBOE01",978.03,467699.38
"452",2016-11-01,"МУП ""Объединение Истринские электросети""","ISTRSETI","POISTRS1","46","Московская область","FZZMSK26",1220.81,439308.52
"453",2016-11-01,"МУП ""Объединение Истринские электросети""","ISTRSETI","POISTRS2","46","Московская область","FZZMSK26",1214.37,440424.45
"454",2016-11-01,"АО ""Петербургская сбытовая компания""","LENENERG","POMSKENE","52","Омская область","FZSBOM03",1061.98,471759.51
"455",2016-11-01,"АО ""Петербургская сбытовая компания""","LENENERG","POMSKEZN","52","Омская область","FZURTU08",1203.68,431682.24
"456",2016-11-01,"ООО ""ИНТЕР РАО - Орловский энергосбыт""","IRAORLSB","PORELENE","54","Орловская область","FZZNOE24",1176.07,465512.03
"457",2016-11-01,"ОАО ""ЭнергосбыТ Плюс""","ORENBENE","PORENBEN","53","Оренбургская область","FZUROE07",1217.27,451827.72
"458",2016-11-01,"ЗАО ""Оренбургсельэнергосбыт""","ORSELSBT","PORENSL1","53","Оренбургская область","FZUROE07",1270.65,441568.92
"459",2016-11-01,"ЗАО ""Оренбургсельэнергосбыт""","ORSELSBT","PORENSL2","53","Оренбургская область","FZUROE07",1272.92,444016.23
"460",2016-11-01,"ЗАО ""Оренбургсельэнергосбыт""","ORSELSBT","PORENSL3","53","Оренбургская область","FZUROE07",1256.24,450765.77
"461",2016-11-01,"ЗАО ""Оренбургсельэнергосбыт""","ORSELSBT","PORENSL4","53","Оренбургская область","FZUROE07",1292,438072.75
"462",2016-11-01,"ЗАО ""Оренбургсельэнергосбыт""","ORSELSBT","PORENSL5","53","Оренбургская область","FZUROE07",1270.91,450628.25
"463",2016-11-01,"ООО ""ТНС энерго Пенза""","ENTREDIN","PPENZAEN","56","Пензенская область","FZVLOE13",1213.78,434922.72
"464",2016-11-01,"ПАО ""Пермэнергосбыт""","PERMENER","PPERMENE","57","Пермский край","FZUROE07",1166.96,448370
"465",2016-11-01,"ОАО ""Псковэнергосбыт""","PSKOVENE","PPSKOVEN","58","Псковская область","FZSZOE27",1120.61,448104.22
"466",2016-11-01,"ОАО ""Пятигорские электрические сети""","PYATELSE","PPYATELS","07","Ставропольский край","FZYUOE16",1731.81,547380.28
"467",2016-11-01,"ООО ""РЭК""","REKKURSK","PREKKUR1","38","Курская область","FZZNOE24",1121.72,438338.87
"468",2016-11-01,"ООО ""РКС-энерго""","RKSENERG","PRKSELO1","41","Ленинградская область","FZSZOE27",1048.16,465396.87
"469",2016-11-01,"ООО ""РКС-энерго""","RKSENERG","PRKSELO2","41","Ленинградская область","FZSZOE27",1086.18,464292.81
"470",2016-11-01,"ООО ""РКС-энерго""","RKSENERG","PRKSELO3","41","Ленинградская область","FZSZOE27",1117.21,463646.68
"471",2016-11-01,"ООО ""РКС-энерго""","RKSENERG","PRKSELO4","41","Ленинградская область","FZSZOE27",1087.45,460613.35
"472",2016-11-01,"ООО ""РКС-энерго""","RKSENERG","PRKSELO5","41","Ленинградская область","FZSZOE27",932.51,464461.15
"473",2016-11-01,"ООО ""РКС-энерго""","RKSENERG","PRKSELO6","41","Ленинградская область","FZSZOE27",1076.43,463975.25
"474",2016-11-01,"ООО ""РКС-энерго""","RKSENERG","PRKSELO7","41","Ленинградская область","FZSZOE27",1098.3,463250.49
"475",2016-11-01,"ООО ""РКС-энерго""","RKSENERG","PRKSELO8","41","Ленинградская область","FZSZOE27",1068.69,464409.83
"476",2016-11-01,"ООО ""РКС-энерго""","RKSENERG","PRKSELO9","41","Ленинградская область","FZSZOE27",1066.72,461843.94
"477",2016-11-01,"ООО ""РКС-энерго""","RKSENERG","PRKSEL10","41","Ленинградская область","FZSZOE27",1130.26,463731.59
"478",2016-11-01,"ООО ""РКС-энерго""","RKSENERG","PRKSEL11","41","Ленинградская область","FZSZOE27",1066.45,467307.92
"479",2016-11-01,"ООО ""РКС-энерго""","RKSENERG","PRKSEL12","41","Ленинградская область","FZSZOE27",1183.29,463342.78
"480",2016-11-01,"ООО ""РКС-энерго""","RKSENERG","PRKSEL13","41","Ленинградская область","FZSZOE27",1119.83,466503.44
"481",2016-11-01,"ООО ""РКС-энерго""","RKSENERG","PRKSEL14","41","Ленинградская область","FZSZOE27",1117.54,460682.04
"482",2016-11-01,"ООО ""РКС-энерго""","RKSENERG","PRKSEL15","41","Ленинградская область","FZSZOE27",1075.11,464062.42
"483",2016-11-01,"ООО ""РКС-энерго""","RKSENERG","PRKSEL16","41","Ленинградская область","FZSZOE27",1012.43,465524.65
"484",2016-11-01,"ООО ""РКС-энерго""","RKSENERG","PRKSEL17","41","Ленинградская область","FZSZOE27",1071.27,463369.62
"485",2016-11-01,"ООО ""РКС-энерго""","RKSENERG","PRKSEL18","41","Ленинградская область","FZSZOE27",1076.38,465059
"486",2016-11-01,"ООО ""РКС-энерго""","RKSENERG","PRKSEL27","41","Ленинградская область","FZSZOE27",1130.12,464152.69
"487",2016-11-01,"ООО ""РКС-энерго""","RKSENERG","PRKSEL28","41","Ленинградская область","FZSZOE27",1066.68,452472.95
"488",2016-11-01,"ООО ""РКС-энерго""","RKSENERG","PRKSEL30","41","Ленинградская область","FZSZOE27",1110.31,465864
"489",2016-11-01,"ООО ""РКС-энерго""","RKSENERG","PRKSEL31","41","Ленинградская область","FZSZOE27",1132.46,456351.35
"490",2016-11-01,"ООО ""РКС-энерго""","RKSENERG","PRKSEL32","41","Ленинградская область","FZSZOE27",1100.03,458953.63
"491",2016-11-01,"ООО ""РКС-энерго""","RKSENERG","PRKSEL33","41","Ленинградская область","FZSZOE27",1071.17,467129.01
"492",2016-11-01,"ОАО ""Роскоммунэнерго""","ROSKOMEN","PROSKOM1","65","Свердловская область","FZUROE07",1110.72,459210.01
"493",2016-11-01,"ПАО ""ТНС энерго Ростов-на-Дону""","ROSTOVEN","PROSTOVE","60","Ростовская область","FZYUKU20",1489.7,515013.48
"494",2016-11-01,"ООО ""РУСЭНЕРГОСБЫТ""","RUSENSBI","PRUSGDKL","47","Мурманская область","FZSZKO28",866.82,446211.27
"495",2016-11-01,"ООО ""РУСЭНЕРГОСБЫТ""","RUSENSBI","PRUSGDLE","41","Ленинградская область","FZSZOE27",1078.54,478186.11
"496",2016-11-01,"ООО ""РУСЭНЕРГОСБЫТ""","RUSENSBI","PRUSGDRK","86","Республика Карелия","FZSZOE27",954.92,449194.03
"497",2016-11-01,"ООО ""РУСЭНЕРГОСБЫТ""","RUSENSBI","PRUSGDS2","95","Республика Хакасия","FZSBOE01",988.18,465830.56
"498",2016-11-01,"ООО ""РУСЭНЕРГОСБЫТ""","RUSENSBI","PRUSGDVL","17","Владимирская область","FZZNOE24",1187.41,440380.91
"499",2016-11-01,"ООО ""РУСЭНЕРГОСБЫТ""","RUSENSBI","PRUSGD01","18","Волгоградская область","FZYUVG17",1282.36,434777.9
"500",2016-11-01,"ООО ""РУСЭНЕРГОСБЫТ""","RUSENSBI","PRUSGD03","89","Республика Мордовия","FZVLOE13",1251.18,432917.71
"501",2016-11-01,"ООО ""РУСЭНЕРГОСБЫТ""","RUSENSBI","PRUSGD07","33","Кировская область","FZURKR12",1176.58,438622.11
"502",2016-11-01,"ООО ""РУСЭНЕРГОСБЫТ""","RUSENSBI","PRUSGD13","18","Волгоградская область","FZYUVG17",1282.34,428225.47
"503",2016-11-01,"ООО ""РУСЭНЕРГОСБЫТ""","RUSENSBI","PRUSGD24","18","Волгоградская область","FZYUVG17",1288.2,427125.46
"504",2016-11-01,"ООО ""РУСЭНЕРГОСБЫТ""","RUSENSBI","PRUSGD25","18","Волгоградская область","FZYUVG17",1235.01,433574.79
"505",2016-11-01,"ООО ""РУСЭНЕРГОСБЫТ""","RUSENSBI","PRUSGD26","18","Волгоградская область","FZYUVG17",1395.79,147547.58
"506",2016-11-01,"ООО ""РУСЭНЕРГОСБЫТ""","RUSENSBI","PRUSGD27","18","Волгоградская область","FZYUVG17",1272.79,319793.35
"507",2016-11-01,"ООО ""РУСЭНЕРГОСБЫТ""","RUSENSBI","PRUSGD29","18","Волгоградская область","FZYUVG17",1291.22,435327.63
"508",2016-11-01,"ООО ""РУСЭНЕРГОСБЫТ""","RUSENSBI","PRUSGD35","12","Астраханская область","FZYUAS18",1186.95,480645.75
"509",2016-11-01,"ООО ""РУСЭНЕРГОСБЫТ""","RUSENSBI","PRUSGD36","46","Московская область","FZZMSK26",1211.74,440675.78
"510",2016-11-01,"ООО ""РУСЭНЕРГОСБЫТ""","RUSENSBI","PRUSGD37","22","Нижегородская область","FZZNOE24",1209.17,440158.53
"511",2016-11-01,"ООО ""РУСЭНЕРГОСБЫТ""","RUSENSBI","PRUSGD38","53","Оренбургская область","FZUROE07",1192.38,450870.47
"512",2016-11-01,"ООО ""РУСЭНЕРГОСБЫТ""","RUSENSBI","PRUSGD39","63","Саратовская область","FZVLBS15",1106.11,434921.15
"513",2016-11-01,"ООО ""РУСЭНЕРГОСБЫТ""","RUSENSBI","PRUSGD47","78","Ярославская область","FZZNOE24",1231.88,452563.92
"514",2016-11-01,"ООО ""РУСЭНЕРГОСБЫТ""","RUSENSBI","PRUSGD49","34","Костромская область","FZZNOE24",1158.07,439553.14
"515",2016-11-01,"ООО ""РУСЭНЕРГОСБЫТ""","RUSENSBI","PRUSGD52","25","Иркутская область","FZSBOE01",972.96,464244.02
"516",2016-11-01,"ООО ""РГМЭК""","RYAZENGR","PRYAZEL1","61","Рязанская область","FZZNOE24",1225.46,467388.06
"517",2016-11-01,"ПАО ""РЭСК"" (г.Рязань)","RYAZENER","PRYAZENE","61","Рязанская область","FZZNOE24",1196.79,468592.43
"518",2016-11-01,"ПАО ""Самараэнерго""","SAMARAEN","PSAMARAE","36","Самарская область","FZUROE07",1143.1,434005.05
"519",2016-11-01,"АО ""СамГЭС"" (г.Самара)","SAMGESGP","PSAMELS1","36","Самарская область","FZVLOE13",1186.86,433944.05
"520",2016-11-01,"ПАО ""Саратовэнерго""","SARATENE","PSARATEN","63","Саратовская область","FZVLBS15",1102.71,433718.76
"521",2016-11-01,"ООО ""СПГЭС""","SARGORES","PSARELS1","63","Саратовская область","FZVLBS15",1127.05,433731.48
"522",2016-11-01,"ПАО ""Севкавказэнерго""","SEVKAVEN","PSEVKAVE","90","Республика Северная Осетия-Алания","FZYUOE16",776.09,375652.81
"523",2016-11-01,"АО ""ЭК ""Восток""","ESVOSTOK","PSEVKOM1","71","Тюменская область","FZURTU08",1019.55,445340.23
"524",2016-11-01,"АО ""АтомЭнергоСбыт""","ATOMSBYT","PSMOLENE","66","Смоленская область","FZZNOE24",1111.48,458670.61
"525",2016-11-01,"ПАО ""Ставропольэнергосбыт""","STAVRENE","PSTAVREN","07","Ставропольский край","FZYUOE16",1653.28,547837.09
"526",2016-11-01,"ГУП СК ""Ставрополькоммунэлектро""","STAVRKOM","PSTKOME1","07","Ставропольский край","FZYUOE16",1730.16,547538.8
"527",2016-11-01,"ГУП СК ""Ставрополькоммунэлектро""","STAVRKOM","PSTKOME2","07","Ставропольский край","FZYUOE16",1788.96,547758.89
"528",2016-11-01,"ГУП СК ""Ставрополькоммунэлектро""","STAVRKOM","PSTKOME3","07","Ставропольский край","FZYUOE16",1587.59,549403.41
"529",2016-11-01,"ГУП СК ""Ставрополькоммунэлектро""","STAVRKOM","PSTKOME4","07","Ставропольский край","FZYUOE16",1690.7,547521.17
"530",2016-11-01,"ГУП СК ""Ставрополькоммунэлектро""","STAVRKOM","PSTKOME5","07","Ставропольский край","FZYUOE16",1693.28,533469.02
"531",2016-11-01,"ГУП СК ""Ставрополькоммунэлектро""","STAVRKOM","PSTKOME6","07","Ставропольский край","FZYUOE16",1743.21,548249.6
"532",2016-11-01,"ГУП СК ""Ставрополькоммунэлектро""","STAVRKOM","PSTKOME7","07","Ставропольский край","FZYUOE16",1715.71,547546.49
"533",2016-11-01,"ГУП СК ""Ставрополькоммунэлектро""","STAVRKOM","PSTKOME8","07","Ставропольский край","FZYUOE16",1754.8,549593.75
"534",2016-11-01,"ГУП СК ""Ставрополькоммунэлектро""","STAVRKOM","PSTKOME9","07","Ставропольский край","FZYUOE16",1656.51,550545.43
"535",2016-11-01,"ГУП СК ""Ставрополькоммунэлектро""","STAVRKOM","PSTKOM10","07","Ставропольский край","FZYUOE16",1668.95,545463.94
"536",2016-11-01,"ГУП СК ""Ставрополькоммунэлектро""","STAVRKOM","PSTKOM11","07","Ставропольский край","FZYUOE16",1676.38,552940.11
"537",2016-11-01,"ГУП СК ""Ставрополькоммунэлектро""","STAVRKOM","PSTKOM12","07","Ставропольский край","FZYUOE16",1588.04,548380.59
"538",2016-11-01,"ГУП СК ""Ставрополькоммунэлектро""","STAVRKOM","PSTKOM13","07","Ставропольский край","FZYUOE16",1803.6,545189.04
"539",2016-11-01,"ГУП СК ""Ставрополькоммунэлектро""","STAVRKOM","PSTKOM14","07","Ставропольский край","FZYUOE16",1832.13,537447.65
"540",2016-11-01,"ГУП СК ""Ставрополькоммунэлектро""","STAVRKOM","PSTKOM15","07","Ставропольский край","FZYUOE16",1818.11,553631.82
"541",2016-11-01,"ГУП СК ""Ставрополькоммунэлектро""","STAVRKOM","PSTKOM16","07","Ставропольский край","FZYUOE16",1546.56,546908.02
"542",2016-11-01,"ГУП СК ""Ставрополькоммунэлектро""","STAVRKOM","PSTKOM17","07","Ставропольский край","FZYUOE16",1624.15,545242.42
"543",2016-11-01,"ГУП СК ""Ставрополькоммунэлектро""","STAVRKOM","PSTKOM18","07","Ставропольский край","FZYUOE16",1775.52,547828.35
"544",2016-11-01,"ГУП СК ""Ставрополькоммунэлектро""","STAVRKOM","PSTKOM19","07","Ставропольский край","FZYUOE16",1655.32,547351.21
"545",2016-11-01,"ГУП СК ""Ставрополькоммунэлектро""","STAVRKOM","PSTKOM20","07","Ставропольский край","FZYUOE16",1671.55,547123.39
"546",2016-11-01,"ГУП СК ""Ставрополькоммунэлектро""","STAVRKOM","PSTKOM21","07","Ставропольский край","FZYUOE16",1683.86,555379.85
"547",2016-11-01,"ОАО ""ЭнергосбыТ Плюс""","ORENBENE","PSVERDLE","65","Свердловская область","FZUROE07",1076.5,458933.45
"548",2016-11-01,"ПАО ""Тамбовская энергосбытовая компания""","TAMBOVEN","PTAMBOVE","68","Тамбовская область","FZZNOE24",1194.16,460038.52
"549",2016-11-01,"АО ""Татэнергосбыт""","TATENERG","PTATENER","92","Республика Татарстан","FZURKR12",1197.62,439167.92
"550",2016-11-01,"ОАО ""ТЭК"" (г.Тольятти)","GPTOLESB","PTEKOMP1","36","Самарская область","FZVLOE13",1202.74,434695.77
"551",2016-11-01,"ООО ""ТЭС"" (г.Тольятти)","TOLLENSB","PTOLESB1","36","Самарская область","FZUROE07",1226.41,447530.91
"552",2016-11-01,"ООО ""ТЭС"" (г.Тольятти)","TOLLENSB","PTOLESB2","36","Самарская область","FZVLOE13",1165.18,432887.19
"553",2016-11-01,"ПАО ""Томскэнергосбыт""","TOMSKENE","PTOMSKEN","69","Томская область","FZSBOE01",969.11,517510.51
"554",2016-11-01,"ПАО ""Томскэнергосбыт""","TOMSKENE","PTOMSKES","69","Томская область","FZURTU08",954.42,447653.39
"555",2016-11-01,"ОАО ""ТОСК""","TOSKTOSK","PTOSKOM1","68","Тамбовская область","FZZNOE24",1213.88,459878.38
"556",2016-11-01,"МУП ""Троицкая электросеть""","TROIELST","PTROELS1","46","Московская область","FZZMSK26",1216,436165.75
"557",2016-11-01,"АО ""ТНС энерго Тула""","TULAENSK","PTULENER","70","Тульская область","FZZNOE24",1254.03,486251.3
"558",2016-11-01,"АО ""Тюменская энергосбытовая компания""","TUMENENE","PTUMENEN","71","Тюменская область","FZURTU08",988.8,450888.86
"559",2016-11-01,"АО ""ЭК ""Восток""","ESVOSTOK","PTUMREG1","71","Тюменская область","FZURTU08",1046.24,450606.64
"560",2016-11-01,"АО ""ЭК ""Восток""","ESVOSTOK","PTUMREG2","71","Тюменская область","FZURTU08",1045.34,446329.55
"561",2016-11-01,"АО ""ЭК ""Восток""","ESVOSTOK","PTUMREG3","71","Тюменская область","FZURTU08",1036.02,446655.72
"562",2016-11-01,"АО ""ЭК ""Восток""","ESVOSTOK","PTUMREG4","71","Тюменская область","FZURTU08",1001.36,445432.35
"563",2016-11-01,"АО ""ЭК ""Восток""","ESVOSTOK","PTUMREG5","71","Тюменская область","FZURTU08",975.08,446823.8
"564",2016-11-01,"АО ""Тываэнергосбыт""","TUVASBYT","PTUVENER","93","Республика Тыва","FZSBOE01",295.53,259168.49
"565",2016-11-01,"АО ""АтомЭнергоСбыт""","ATOMSBYT","PTVERENE","28","Тверская область","FZZNOE24",1147.32,439435.51
"566",2016-11-01,"АО ""ТРАНССЕРВИСЭНЕРГО""","TRANSERE","PTVOBSK1","28","Тверская область","FZZNOE24",1270.92,439102.97
"567",2016-11-01,"АО ""ТРАНССЕРВИСЭНЕРГО""","TRANSERE","PTVOBSK2","28","Тверская область","FZZNOE24",1180.65,438254.57
"568",2016-11-01,"АО ""ТРАНССЕРВИСЭНЕРГО""","TRANSERE","PTVOBSK3","28","Тверская область","FZZNOE24",1191.79,446246.48
"569",2016-11-01,"АО ""ТРАНССЕРВИСЭНЕРГО""","TRANSERE","PTVOBSK4","28","Тверская область","FZZNOE24",1223.1,442299.15
"570",2016-11-01,"ОАО ""ЭнергосбыТ Плюс""","ORENBENE","PUDMURTE","94","Удмуртская Республика","FZURKR12",1155.26,438454.89
"571",2016-11-01,"ОАО ""Ульяновскэнерго""","ULYANENE","PULYANEN","73","Ульяновская область","FZVLOE13",1215.47,435185.74
"572",2016-11-01,"АО ""ЮТЭК""","UGORTEKO","PUTEREK3","71","Тюменская область","FZURTU08",943.54,446367.7
"573",2016-11-01,"АО ""ЮТЭК""","UGORTEKO","PUTEREK5","71","Тюменская область","FZURTU08",977.97,447319.57
"574",2016-11-01,"АО ""ЮТЭК""","UGORTEKO","PUTEREK6","71","Тюменская область","FZURTU08",1011.81,445988.16
"575",2016-11-01,"АО ""Волгаэнергосбыт""","VOLGAESB","PVENESB1","22","Нижегородская область","FZZNOE24",1307.96,439854.31
"576",2016-11-01,"АО ""Витимэнергосбыт""","VITIMENS","PVITENSB","25","Иркутская область","FZSBOE01",1125.69,449013.14
"577",2016-11-01,"ПАО ""Владимирэнергосбыт""","VLADIMEN","PVLADIME","17","Владимирская область","FZZNOE24",1190.69,439544.5
"578",2016-11-01,"ОАО ""Владимирские коммунальные системы""","VLADKOMS","PVLKSIS1","17","Владимирская область","FZZNOE24",1208.89,440305.28
"579",2016-11-01,"ОАО ""Владимирские коммунальные системы""","VLADKOMS","PVLKSIS2","17","Владимирская область","FZZNOE24",1221.34,440421.12
"580",2016-11-01,"ОАО ""Владимирские коммунальные системы""","VLADKOMS","PVLKSIS3","17","Владимирская область","FZZNOE24",1221.85,1886606.97
"581",2016-11-01,"ОАО ""Владимирские коммунальные системы""","VLADKOMS","PVLKSIS4","17","Владимирская область","FZZNOE24",1250.11,438112.89
"582",2016-11-01,"ОАО ""Владимирские коммунальные системы""","VLADKOMS","PVLKSIS5","17","Владимирская область","FZZNOE24",1240.02,438138.18
"583",2016-11-01,"ОАО ""Владимирские коммунальные системы""","VLADKOMS","PVLKSIS6","17","Владимирская область","FZZNOE24",1226.52,440603.46
"584",2016-11-01,"ОАО ""Владимирские коммунальные системы""","VLADKOMS","PVLKSIS7","17","Владимирская область","FZZNOE24",1220.51,435868.5
"585",2016-11-01,"ОАО ""Владимирские коммунальные системы""","VLADKOMS","PVLKSIS8","17","Владимирская область","FZZNOE24",1186.97,439423.12
"586",2016-11-01,"ОАО ""Владимирские коммунальные системы""","VLADKOMS","PVLKSIS9","17","Владимирская область","FZZNOE24",1198.64,438297.1
"587",2016-11-01,"ОАО ""Владимирские коммунальные системы""","VLADKOMS","PVLKSI10","17","Владимирская область","FZZNOE24",1190.59,439203.83
"588",2016-11-01,"ПАО ""Волгоградэнергосбыт""","VOLGOGEN","PVOLGOGE","18","Волгоградская область","FZYUVG17",1271.06,433778.53
"589",2016-11-01,"ОАО ""Вологдаэнергосбыт""","VOLOGENE","PVOLOGEN","19","Вологодская область","FZZNOE24",1153.69,559846.41
"590",2016-11-01,"ПАО ""ТНС энерго Воронеж""","VORNEGEN","PVORNEGE","20","Воронежская область","FZZNOE24",1209.11,447179.85
"591",2016-11-01,"АО ""Оборонэнергосбыт""","OBORONSB","PVSKENE4","46","Московская область","FZZMSK26",1150.42,438058.68
"592",2016-11-01,"АО ""Оборонэнергосбыт""","OBORONSB","PVSKENE5","12","Астраханская область","FZYUAS18",1286.3,477432.24
"593",2016-11-01,"АО ""Оборонэнергосбыт""","OBORONSB","PVSKENE6","46","Московская область","FZZMSK26",1204.69,437709.65
"594",2016-11-01,"АО ""Оборонэнергосбыт""","OBORONSB","PVSKEN10","46","Московская область","FZZMSK26",1200.12,440092.79
"595",2016-11-01,"АО ""Оборонэнергосбыт""","OBORONSB","PVSKEN11","46","Московская область","FZZMSK26",1207.83,424945.6
"596",2016-11-01,"АО ""Оборонэнергосбыт""","OBORONSB","PVSKEN13","46","Московская область","FZZMSK26",1214.51,442558.54
"597",2016-11-01,"АО ""Оборонэнергосбыт""","OBORONSB","PVSKEN15","46","Московская область","FZZMSK26",1203.75,428800.84
"598",2016-11-01,"АО ""Оборонэнергосбыт""","OBORONSB","PVSKEN18","46","Московская область","FZZMSK26",1170.48,440352.28
"599",2016-11-01,"АО ""Оборонэнергосбыт""","OBORONSB","PVSKEN23","24","Ивановская область","FZZNOE24",1161.04,463925.49
"600",2016-11-01,"АО ""Оборонэнергосбыт""","OBORONSB","PVSKEN25","63","Саратовская область","FZVLBS15",1064.94,432941.59
"601",2016-11-01,"АО ""Оборонэнергосбыт""","OBORONSB","PVSKEN27","46","Московская область","FZZMSK26",1176.5,437218.45
"602",2016-11-01,"ООО ""Ватт-Электросбыт""","ELSKVATT","PWATTEL1","89","Республика Мордовия","FZVLOE13",1254.86,433236.95
"603",2016-11-01,"ПАО ""ТНС энерго Ярославль""","YARENERG","PYARENER","78","Ярославская область","FZZNOE24",1251.59,451401.9
"604",2016-11-01,"ООО ""Заринская горэлектросеть""","ZARINGES","PZARELS1","01","Алтайский край","FZSBOE01",961.09,496530.56
